project,directory,in_weight,in_degree,out_weight,out_degree,static_hub_score
openstack/cinder,OpenSSL,2.0,1.0,0.0,0.0,1.0
openstack/cinder,__future__,25.0,8.0,0.0,0.0,8.0
openstack/cinder,__original_module_threading,5.0,2.0,0.0,0.0,2.0
openstack/cinder,_io,1.0,1.0,0.0,0.0,1.0
openstack/cinder,abc,15.0,6.0,0.0,0.0,6.0
openstack/cinder,alembic,9.0,2.0,0.0,0.0,2.0
openstack/cinder,ast,17.0,3.0,0.0,0.0,3.0
openstack/cinder,barbicanclient,1.0,1.0,0.0,0.0,1.0
openstack/cinder,base64,11.0,2.0,0.0,0.0,2.0
openstack/cinder,binascii,8.0,3.0,0.0,0.0,3.0
openstack/cinder,boto3,1.0,1.0,0.0,0.0,1.0
openstack/cinder,botocore,5.0,2.0,0.0,0.0,2.0
openstack/cinder,builtins,1.0,1.0,0.0,0.0,1.0
openstack/cinder,bz2,5.0,2.0,0.0,0.0,2.0
openstack/cinder,capacity,1.0,1.0,0.0,0.0,1.0
openstack/cinder,castellan,30.0,5.0,0.0,0.0,5.0
openstack/cinder,cinder,4.0,2.0,305.0,75.0,77.0
openstack/cinder,cinder/api,216.0,4.0,532.0,51.0,55.0
openstack/cinder,cinder/backup,49.0,6.0,182.0,67.0,73.0
openstack/cinder,cinder/brick,5.0,2.0,10.0,10.0,12.0
openstack/cinder,cinder/cmd,11.0,2.0,153.0,45.0,47.0
openstack/cinder,cinder/common,119.0,10.0,15.0,12.0,22.0
openstack/cinder,cinder/compute,8.0,4.0,16.0,10.0,14.0
openstack/cinder,cinder/context,282.0,10.0,0.0,0.0,10.0
openstack/cinder,cinder/coordination,48.0,6.0,0.0,0.0,6.0
openstack/cinder,cinder/db,196.0,13.0,104.0,23.0,36.0
openstack/cinder,cinder/exception,566.0,18.0,0.0,0.0,18.0
openstack/cinder,cinder/flow_utils,10.0,2.0,0.0,0.0,2.0
openstack/cinder,cinder/group,15.0,2.0,24.0,13.0,15.0
openstack/cinder,cinder/i18n,301.0,17.0,0.0,0.0,17.0
openstack/cinder,cinder/image,54.0,4.0,79.0,38.0,42.0
openstack/cinder,cinder/interface,101.0,4.0,5.0,4.0,8.0
openstack/cinder,cinder/keymgr,8.0,5.0,29.0,14.0,19.0
openstack/cinder,cinder/manager,6.0,4.0,0.0,0.0,4.0
openstack/cinder,cinder/message,34.0,7.0,7.0,6.0,13.0
openstack/cinder,cinder/objects,390.0,13.0,97.0,18.0,31.0
openstack/cinder,cinder/policies,98.0,7.0,36.0,4.0,11.0
openstack/cinder,cinder/policy,12.0,6.0,0.0,0.0,6.0
openstack/cinder,cinder/privsep,10.0,2.0,10.0,4.0,6.0
openstack/cinder,cinder/quota,38.0,9.0,0.0,0.0,9.0
openstack/cinder,cinder/quota_utils,9.0,5.0,0.0,0.0,5.0
openstack/cinder,cinder/rpc,28.0,9.0,0.0,0.0,9.0
openstack/cinder,cinder/scheduler,44.0,7.0,134.0,39.0,46.0
openstack/cinder,cinder/service,14.0,5.0,0.0,0.0,5.0
openstack/cinder,cinder/service_auth,7.0,5.0,0.0,0.0,5.0
openstack/cinder,cinder/ssh_utils,19.0,4.0,0.0,0.0,4.0
openstack/cinder,cinder/tests,0.0,0.0,3825.0,137.0,137.0
openstack/cinder,cinder/transfer,6.0,3.0,20.0,16.0,19.0
openstack/cinder,cinder/utils,153.0,12.0,0.0,0.0,12.0
openstack/cinder,cinder/version,18.0,5.0,0.0,0.0,5.0
openstack/cinder,cinder/volume,842.0,13.0,2296.0,124.0,137.0
openstack/cinder,cinder/wsgi,6.0,3.0,20.0,15.0,18.0
openstack/cinder,cinder/zonemanager,63.0,3.0,101.0,19.0,22.0
openstack/cinder,collections,35.0,8.0,0.0,0.0,8.0
openstack/cinder,contextlib,15.0,6.0,0.0,0.0,6.0
openstack/cinder,copy,77.0,5.0,0.0,0.0,5.0
openstack/cinder,cryptography,11.0,3.0,0.0,0.0,3.0
openstack/cinder,cursive,2.0,1.0,0.0,0.0,1.0
openstack/cinder,datetime,60.0,11.0,0.0,0.0,11.0
openstack/cinder,ddt,181.0,1.0,0.0,0.0,1.0
openstack/cinder,decimal,1.0,1.0,0.0,0.0,1.0
openstack/cinder,decorator,2.0,2.0,0.0,0.0,2.0
openstack/cinder,distutils,1.0,1.0,0.0,0.0,1.0
openstack/cinder,enum,6.0,3.0,0.0,0.0,3.0
openstack/cinder,errno,24.0,6.0,0.0,0.0,6.0
openstack/cinder,eventlet,67.0,8.0,0.0,0.0,8.0
openstack/cinder,fcntl,1.0,1.0,0.0,0.0,1.0
openstack/cinder,filecmp,4.0,1.0,0.0,0.0,1.0
openstack/cinder,fixtures,13.0,1.0,0.0,0.0,1.0
openstack/cinder,fnmatch,3.0,2.0,0.0,0.0,2.0
openstack/cinder,functools,30.0,7.0,0.0,0.0,7.0
openstack/cinder,gettext,1.0,1.0,0.0,0.0,1.0
openstack/cinder,glanceclient,5.0,3.0,0.0,0.0,3.0
openstack/cinder,glob,2.0,2.0,0.0,0.0,2.0
openstack/cinder,google,2.0,1.0,0.0,0.0,1.0
openstack/cinder,google_auth_httplib2,1.0,1.0,0.0,0.0,1.0
openstack/cinder,googleapiclient,4.0,2.0,0.0,0.0,2.0
openstack/cinder,hacking,1.0,1.0,0.0,0.0,1.0
openstack/cinder,hashlib,11.0,4.0,0.0,0.0,4.0
openstack/cinder,heapq,2.0,1.0,0.0,0.0,1.0
openstack/cinder,hmac,1.0,1.0,0.0,0.0,1.0
openstack/cinder,hpe3parclient,6.0,1.0,0.0,0.0,1.0
openstack/cinder,http,95.0,3.0,0.0,0.0,3.0
openstack/cinder,importlib,2.0,2.0,0.0,0.0,2.0
openstack/cinder,importlib_metadata,1.0,1.0,0.0,0.0,1.0
openstack/cinder,infi,2.0,1.0,0.0,0.0,1.0
openstack/cinder,infinisdk,1.0,1.0,0.0,0.0,1.0
openstack/cinder,inspect,18.0,7.0,0.0,0.0,7.0
openstack/cinder,io,12.0,3.0,0.0,0.0,3.0
openstack/cinder,ipaddress,5.0,1.0,0.0,0.0,1.0
openstack/cinder,iso8601,12.0,2.0,0.0,0.0,2.0
openstack/cinder,itertools,10.0,8.0,0.0,0.0,8.0
openstack/cinder,json,84.0,6.0,0.0,0.0,6.0
openstack/cinder,jsonschema,2.0,1.0,0.0,0.0,1.0
openstack/cinder,keystoneauth1,22.0,7.0,0.0,0.0,7.0
openstack/cinder,keystoneclient,1.0,1.0,0.0,0.0,1.0
openstack/cinder,keystonemiddleware,1.0,1.0,0.0,0.0,1.0
openstack/cinder,linstor,1.0,1.0,0.0,0.0,1.0
openstack/cinder,logging,13.0,5.0,0.0,0.0,5.0
openstack/cinder,lxml,13.0,2.0,0.0,0.0,2.0
openstack/cinder,math,44.0,7.0,0.0,0.0,7.0
openstack/cinder,migrate,9.0,2.0,0.0,0.0,2.0
openstack/cinder,moto,1.0,1.0,0.0,0.0,1.0
openstack/cinder,multiprocessing,1.0,1.0,0.0,0.0,1.0
openstack/cinder,novaclient,4.0,2.0,0.0,0.0,2.0
openstack/cinder,oauth2client,2.0,2.0,0.0,0.0,2.0
openstack/cinder,operator,6.0,3.0,0.0,0.0,3.0
openstack/cinder,os,112.0,13.0,0.0,0.0,13.0
openstack/cinder,os_brick,35.0,5.0,0.0,0.0,5.0
openstack/cinder,os_win,5.0,3.0,0.0,0.0,3.0
openstack/cinder,oslo_concurrency,76.0,9.0,0.0,0.0,9.0
openstack/cinder,oslo_config,257.0,18.0,0.0,0.0,18.0
openstack/cinder,oslo_context,1.0,1.0,0.0,0.0,1.0
openstack/cinder,oslo_db,28.0,6.0,0.0,0.0,6.0
openstack/cinder,oslo_i18n,2.0,2.0,0.0,0.0,2.0
openstack/cinder,oslo_log,327.0,20.0,0.0,0.0,20.0
openstack/cinder,oslo_messaging,20.0,6.0,0.0,0.0,6.0
openstack/cinder,oslo_middleware,3.0,3.0,0.0,0.0,3.0
openstack/cinder,oslo_policy,42.0,4.0,0.0,0.0,4.0
openstack/cinder,oslo_privsep,5.0,3.0,0.0,0.0,3.0
openstack/cinder,oslo_reports,10.0,2.0,0.0,0.0,2.0
openstack/cinder,oslo_serialization,77.0,8.0,0.0,0.0,8.0
openstack/cinder,oslo_service,42.0,8.0,0.0,0.0,8.0
openstack/cinder,oslo_upgradecheck,2.0,2.0,0.0,0.0,2.0
openstack/cinder,oslo_utils,530.0,19.0,0.0,0.0,19.0
openstack/cinder,oslo_versionedobjects,34.0,4.0,0.0,0.0,4.0
openstack/cinder,oslo_vmware,22.0,2.0,0.0,0.0,2.0
openstack/cinder,oslotest,2.0,1.0,0.0,0.0,1.0
openstack/cinder,packaging,8.0,2.0,0.0,0.0,2.0
openstack/cinder,paramiko,12.0,3.0,0.0,0.0,3.0
openstack/cinder,paste,2.0,1.0,0.0,0.0,1.0
openstack/cinder,pbr,1.0,1.0,0.0,0.0,1.0
openstack/cinder,platform,8.0,2.0,0.0,0.0,2.0
openstack/cinder,posixpath,4.0,2.0,0.0,0.0,2.0
openstack/cinder,pprint,2.0,2.0,0.0,0.0,2.0
openstack/cinder,psutil,3.0,3.0,0.0,0.0,3.0
openstack/cinder,purestorage,1.0,1.0,0.0,0.0,1.0
openstack/cinder,pyclbr,1.0,1.0,0.0,0.0,1.0
openstack/cinder,pycodestyle,1.0,1.0,0.0,0.0,1.0
openstack/cinder,pyparsing,1.0,1.0,0.0,0.0,1.0
openstack/cinder,pytz,12.0,3.0,0.0,0.0,3.0
openstack/cinder,pywbem,1.0,1.0,0.0,0.0,1.0
openstack/cinder,pyxcli,9.0,1.0,0.0,0.0,1.0
openstack/cinder,rados,2.0,2.0,0.0,0.0,2.0
openstack/cinder,random,46.0,7.0,0.0,0.0,7.0
openstack/cinder,rbd,2.0,2.0,0.0,0.0,2.0
openstack/cinder,rbd_iscsi_client,3.0,1.0,0.0,0.0,1.0
openstack/cinder,re,87.0,11.0,0.0,0.0,11.0
openstack/cinder,requests,81.0,4.0,0.0,0.0,4.0
openstack/cinder,routes,2.0,2.0,0.0,0.0,2.0
openstack/cinder,rsd_lib,1.0,1.0,0.0,0.0,1.0
openstack/cinder,rtslib_fb,2.0,2.0,0.0,0.0,2.0
openstack/cinder,select,1.0,1.0,0.0,0.0,1.0
openstack/cinder,shlex,2.0,1.0,0.0,0.0,1.0
openstack/cinder,shutil,14.0,4.0,0.0,0.0,4.0
openstack/cinder,six,150.0,4.0,0.0,0.0,4.0
openstack/cinder,socket,22.0,5.0,0.0,0.0,5.0
openstack/cinder,sqlalchemy,50.0,3.0,0.0,0.0,3.0
openstack/cinder,sqlalchemy_utils,1.0,1.0,0.0,0.0,1.0
openstack/cinder,ssl,2.0,1.0,0.0,0.0,1.0
openstack/cinder,stat,7.0,4.0,0.0,0.0,4.0
openstack/cinder,stevedore,2.0,2.0,0.0,0.0,2.0
openstack/cinder,storops,8.0,1.0,0.0,0.0,1.0
openstack/cinder,storpool,4.0,1.0,0.0,0.0,1.0
openstack/cinder,string,12.0,3.0,0.0,0.0,3.0
openstack/cinder,subprocess,2.0,2.0,0.0,0.0,2.0
openstack/cinder,suds,13.0,2.0,0.0,0.0,2.0
openstack/cinder,sushy,1.0,1.0,0.0,0.0,1.0
openstack/cinder,swiftclient,5.0,2.0,0.0,0.0,2.0
openstack/cinder,sys,43.0,9.0,0.0,0.0,9.0
openstack/cinder,tabulate,2.0,2.0,0.0,0.0,2.0
openstack/cinder,taskflow,34.0,4.0,0.0,0.0,4.0
openstack/cinder,tempfile,25.0,4.0,0.0,0.0,4.0
openstack/cinder,tenacity,1.0,1.0,0.0,0.0,1.0
openstack/cinder,testtools,4.0,1.0,0.0,0.0,1.0
openstack/cinder,textwrap,3.0,3.0,0.0,0.0,3.0
openstack/cinder,threading,17.0,3.0,0.0,0.0,3.0
openstack/cinder,time,72.0,8.0,0.0,0.0,8.0
openstack/cinder,tooz,3.0,2.0,0.0,0.0,2.0
openstack/cinder,traceback,7.0,2.0,0.0,0.0,2.0
openstack/cinder,types,3.0,1.0,0.0,0.0,1.0
openstack/cinder,typing,111.0,9.0,0.0,0.0,9.0
openstack/cinder,unicodedata,3.0,2.0,0.0,0.0,2.0
openstack/cinder,unittest,368.0,2.0,0.0,0.0,2.0
openstack/cinder,urllib,14.0,4.0,0.0,0.0,4.0
openstack/cinder,urllib2,1.0,1.0,0.0,0.0,1.0
openstack/cinder,urllib3,3.0,1.0,0.0,0.0,1.0
openstack/cinder,uuid,59.0,4.0,0.0,0.0,4.0
openstack/cinder,warnings,3.0,3.0,0.0,0.0,3.0
openstack/cinder,weakref,1.0,1.0,0.0,0.0,1.0
openstack/cinder,webob,128.0,5.0,0.0,0.0,5.0
openstack/cinder,xml,5.0,2.0,0.0,0.0,2.0
openstack/cinder,yaml,1.0,1.0,0.0,0.0,1.0
openstack/cinder,zlib,7.0,2.0,0.0,0.0,2.0
openstack/cinder,zstd,4.0,2.0,0.0,0.0,2.0
openstack/glance,__original_module_threading,2.0,1.0,0.0,0.0,1.0
openstack/glance,abc,4.0,4.0,0.0,0.0,4.0
openstack/glance,alembic,20.0,3.0,0.0,0.0,3.0
openstack/glance,argparse,2.0,1.0,0.0,0.0,1.0
openstack/glance,atexit,3.0,2.0,0.0,0.0,2.0
openstack/glance,base64,1.0,1.0,0.0,0.0,1.0
openstack/glance,builtins,1.0,1.0,0.0,0.0,1.0
openstack/glance,calendar,2.0,2.0,0.0,0.0,2.0
openstack/glance,castellan,4.0,2.0,0.0,0.0,2.0
openstack/glance,cinderclient,1.0,1.0,0.0,0.0,1.0
openstack/glance,collections,8.0,6.0,0.0,0.0,6.0
openstack/glance,configparser,2.0,1.0,0.0,0.0,1.0
openstack/glance,contextlib,3.0,2.0,0.0,0.0,2.0
openstack/glance,copy,16.0,7.0,0.0,0.0,7.0
openstack/glance,cryptography,7.0,3.0,0.0,0.0,3.0
openstack/glance,cursive,7.0,3.0,0.0,0.0,3.0
openstack/glance,datetime,25.0,6.0,0.0,0.0,6.0
openstack/glance,ddt,2.0,1.0,0.0,0.0,1.0
openstack/glance,debtcollector,1.0,1.0,0.0,0.0,1.0
openstack/glance,defusedxml,3.0,2.0,0.0,0.0,2.0
openstack/glance,errno,6.0,3.0,0.0,0.0,3.0
openstack/glance,eventlet,17.0,5.0,0.0,0.0,5.0
openstack/glance,fcntl,1.0,1.0,0.0,0.0,1.0
openstack/glance,fixtures,14.0,1.0,0.0,0.0,1.0
openstack/glance,functools,9.0,6.0,0.0,0.0,6.0
openstack/glance,futurist,3.0,2.0,0.0,0.0,2.0
openstack/glance,gettext,1.0,1.0,0.0,0.0,1.0
openstack/glance,glance,0.0,0.0,99.0,35.0,35.0
openstack/glance,glance/api,66.0,7.0,299.0,38.0,45.0
openstack/glance,glance/async_,42.0,5.0,170.0,27.0,32.0
openstack/glance,glance/cmd,10.0,2.0,113.0,40.0,42.0
openstack/glance,glance/common,261.0,9.0,181.0,56.0,65.0
openstack/glance,glance/context,28.0,5.0,0.0,0.0,5.0
openstack/glance,glance/db,56.0,6.0,206.0,28.0,34.0
openstack/glance,glance/domain,25.0,5.0,13.0,8.0,13.0
openstack/glance,glance/gateway,21.0,3.0,0.0,0.0,3.0
openstack/glance,glance/hacking,1.0,1.0,2.0,2.0,3.0
openstack/glance,glance/housekeeping,3.0,2.0,0.0,0.0,2.0
openstack/glance,glance/i18n,149.0,10.0,0.0,0.0,10.0
openstack/glance,glance/image_cache,20.0,4.0,65.0,19.0,23.0
openstack/glance,glance/location,3.0,2.0,0.0,0.0,2.0
openstack/glance,glance/notifier,22.0,5.0,0.0,0.0,5.0
openstack/glance,glance/policies,2.0,2.0,11.0,3.0,5.0
openstack/glance,glance/quota,10.0,4.0,21.0,11.0,15.0
openstack/glance,glance/schema,10.0,2.0,0.0,0.0,2.0
openstack/glance,glance/scrubber,4.0,4.0,0.0,0.0,4.0
openstack/glance,glance/tests,0.0,0.0,916.0,92.0,92.0
openstack/glance,glance/version,4.0,3.0,0.0,0.0,3.0
openstack/glance,glance_store,70.0,8.0,0.0,0.0,8.0
openstack/glance,gzip,1.0,1.0,0.0,0.0,1.0
openstack/glance,hacking,1.0,1.0,0.0,0.0,1.0
openstack/glance,hashlib,4.0,2.0,0.0,0.0,2.0
openstack/glance,http,53.0,4.0,0.0,0.0,4.0
openstack/glance,httplib2,9.0,2.0,0.0,0.0,2.0
openstack/glance,importlib,1.0,1.0,0.0,0.0,1.0
openstack/glance,io,10.0,1.0,0.0,0.0,1.0
openstack/glance,iso8601,2.0,2.0,0.0,0.0,2.0
openstack/glance,itertools,3.0,3.0,0.0,0.0,3.0
openstack/glance,json,9.0,3.0,0.0,0.0,3.0
openstack/glance,jsonschema,1.0,1.0,0.0,0.0,1.0
openstack/glance,keystoneauth1,4.0,2.0,0.0,0.0,2.0
openstack/glance,keystoneclient,2.0,1.0,0.0,0.0,1.0
openstack/glance,lhafile,1.0,1.0,0.0,0.0,1.0
openstack/glance,logging,4.0,3.0,0.0,0.0,3.0
openstack/glance,openstack,2.0,1.0,0.0,0.0,1.0
openstack/glance,os,66.0,8.0,0.0,0.0,8.0
openstack/glance,os_win,3.0,3.0,0.0,0.0,3.0
openstack/glance,oslo_concurrency,17.0,5.0,0.0,0.0,5.0
openstack/glance,oslo_config,106.0,10.0,0.0,0.0,10.0
openstack/glance,oslo_context,1.0,1.0,0.0,0.0,1.0
openstack/glance,oslo_db,49.0,3.0,0.0,0.0,3.0
openstack/glance,oslo_i18n,1.0,1.0,0.0,0.0,1.0
openstack/glance,oslo_limit,6.0,2.0,0.0,0.0,2.0
openstack/glance,oslo_log,90.0,11.0,0.0,0.0,11.0
openstack/glance,oslo_messaging,2.0,2.0,0.0,0.0,2.0
openstack/glance,oslo_middleware,2.0,2.0,0.0,0.0,2.0
openstack/glance,oslo_policy,23.0,4.0,0.0,0.0,4.0
openstack/glance,oslo_reports,1.0,1.0,0.0,0.0,1.0
openstack/glance,oslo_serialization,43.0,7.0,0.0,0.0,7.0
openstack/glance,oslo_upgradecheck,3.0,2.0,0.0,0.0,2.0
openstack/glance,oslo_utils,115.0,10.0,0.0,0.0,10.0
openstack/glance,osprofiler,6.0,4.0,0.0,0.0,4.0
openstack/glance,paste,2.0,2.0,0.0,0.0,2.0
openstack/glance,pbr,1.0,1.0,0.0,0.0,1.0
openstack/glance,pkgutil,1.0,1.0,0.0,0.0,1.0
openstack/glance,platform,1.0,1.0,0.0,0.0,1.0
openstack/glance,prettytable,1.0,1.0,0.0,0.0,1.0
openstack/glance,psutil,1.0,1.0,0.0,0.0,1.0
openstack/glance,pydev,1.0,1.0,0.0,0.0,1.0
openstack/glance,pydevd,1.0,1.0,0.0,0.0,1.0
openstack/glance,queue,1.0,1.0,0.0,0.0,1.0
openstack/glance,random,1.0,1.0,0.0,0.0,1.0
openstack/glance,re,13.0,6.0,0.0,0.0,6.0
openstack/glance,requests,14.0,2.0,0.0,0.0,2.0
openstack/glance,resource,1.0,1.0,0.0,0.0,1.0
openstack/glance,retrying,1.0,1.0,0.0,0.0,1.0
openstack/glance,routes,4.0,3.0,0.0,0.0,3.0
openstack/glance,sendfile,2.0,2.0,0.0,0.0,2.0
openstack/glance,shlex,1.0,1.0,0.0,0.0,1.0
openstack/glance,shutil,8.0,2.0,0.0,0.0,2.0
openstack/glance,signal,4.0,3.0,0.0,0.0,3.0
openstack/glance,six,1.0,1.0,0.0,0.0,1.0
openstack/glance,socket,6.0,2.0,0.0,0.0,2.0
openstack/glance,sqlalchemy,96.0,2.0,0.0,0.0,2.0
openstack/glance,sqlite3,3.0,2.0,0.0,0.0,2.0
openstack/glance,ssl,1.0,1.0,0.0,0.0,1.0
openstack/glance,stat,3.0,2.0,0.0,0.0,2.0
openstack/glance,stevedore,7.0,4.0,0.0,0.0,4.0
openstack/glance,struct,2.0,1.0,0.0,0.0,1.0
openstack/glance,subprocess,7.0,3.0,0.0,0.0,3.0
openstack/glance,sys,19.0,3.0,0.0,0.0,3.0
openstack/glance,tarfile,2.0,2.0,0.0,0.0,2.0
openstack/glance,taskflow,36.0,2.0,0.0,0.0,2.0
openstack/glance,tempfile,9.0,2.0,0.0,0.0,2.0
openstack/glance,testtools,9.0,1.0,0.0,0.0,1.0
openstack/glance,textwrap,1.0,1.0,0.0,0.0,1.0
openstack/glance,threading,8.0,5.0,0.0,0.0,5.0
openstack/glance,time,18.0,5.0,0.0,0.0,5.0
openstack/glance,unittest,73.0,1.0,0.0,0.0,1.0
openstack/glance,urllib,24.0,5.0,0.0,0.0,5.0
openstack/glance,uuid,19.0,5.0,0.0,0.0,5.0
openstack/glance,uwsgi,2.0,1.0,0.0,0.0,1.0
openstack/glance,warnings,1.0,1.0,0.0,0.0,1.0
openstack/glance,webob,51.0,5.0,0.0,0.0,5.0
openstack/glance,wsme,21.0,4.0,0.0,0.0,4.0
openstack/glance,xattr,4.0,2.0,0.0,0.0,2.0
openstack/glance,zipfile,1.0,1.0,0.0,0.0,1.0
openstack/heat,__original_module_threading,4.0,1.0,0.0,0.0,1.0
openstack/heat,abc,7.0,2.0,0.0,0.0,2.0
openstack/heat,aodhclient,3.0,2.0,0.0,0.0,2.0
openstack/heat,ast,1.0,1.0,0.0,0.0,1.0
openstack/heat,barbicanclient,4.0,2.0,0.0,0.0,2.0
openstack/heat,base64,3.0,2.0,0.0,0.0,2.0
openstack/heat,blazarclient,4.0,2.0,0.0,0.0,2.0
openstack/heat,cinderclient,7.0,2.0,0.0,0.0,2.0
openstack/heat,collections,48.0,4.0,0.0,0.0,4.0
openstack/heat,contextlib,11.0,3.0,0.0,0.0,3.0
openstack/heat,copy,73.0,5.0,0.0,0.0,5.0
openstack/heat,croniter,1.0,1.0,0.0,0.0,1.0
openstack/heat,cryptography,6.0,1.0,0.0,0.0,1.0
openstack/heat,datetime,26.0,6.0,0.0,0.0,6.0
openstack/heat,ddt,1.0,1.0,0.0,0.0,1.0
openstack/heat,debtcollector,1.0,1.0,0.0,0.0,1.0
openstack/heat,designateclient,4.0,2.0,0.0,0.0,2.0
openstack/heat,distutils,1.0,1.0,0.0,0.0,1.0
openstack/heat,email,8.0,2.0,0.0,0.0,2.0
openstack/heat,errno,4.0,3.0,0.0,0.0,3.0
openstack/heat,eventlet,26.0,5.0,0.0,0.0,5.0
openstack/heat,fixtures,11.0,2.0,0.0,0.0,2.0
openstack/heat,fnmatch,1.0,1.0,0.0,0.0,1.0
openstack/heat,functools,25.0,5.0,0.0,0.0,5.0
openstack/heat,glanceclient,5.0,2.0,0.0,0.0,2.0
openstack/heat,glob,1.0,1.0,0.0,0.0,1.0
openstack/heat,hacking,1.0,1.0,0.0,0.0,1.0
openstack/heat,hashlib,6.0,4.0,0.0,0.0,4.0
openstack/heat,heat,0.0,0.0,2.0,2.0,2.0
openstack/heat,heat/api,31.0,3.0,117.0,20.0,23.0
openstack/heat,heat/cloudinit,1.0,1.0,13.0,9.0,10.0
openstack/heat,heat/cmd,1.0,1.0,73.0,17.0,18.0
openstack/heat,heat/common,969.0,10.0,148.0,48.0,58.0
openstack/heat,heat/db,44.0,5.0,52.0,18.0,23.0
openstack/heat,heat/engine,956.0,5.0,933.0,90.0,95.0
openstack/heat,heat/hacking,1.0,1.0,2.0,2.0,3.0
openstack/heat,heat/httpd,0.0,0.0,14.0,5.0,5.0
openstack/heat,heat/objects,86.0,3.0,72.0,10.0,13.0
openstack/heat,heat/policies,1.0,1.0,21.0,3.0,4.0
openstack/heat,heat/rpc,67.0,6.0,8.0,5.0,11.0
openstack/heat,heat/scaling,14.0,2.0,12.0,7.0,9.0
openstack/heat,heat/tests,0.0,0.0,2349.0,88.0,88.0
openstack/heat,heat/version,9.0,4.0,0.0,0.0,4.0
openstack/heat,heat_integrationtests,0.0,0.0,71.0,29.0,29.0
openstack/heat,heatclient,13.0,3.0,0.0,0.0,3.0
openstack/heat,http,1.0,1.0,0.0,0.0,1.0
openstack/heat,importlib,1.0,1.0,0.0,0.0,1.0
openstack/heat,inspect,2.0,1.0,0.0,0.0,1.0
openstack/heat,io,2.0,2.0,0.0,0.0,2.0
openstack/heat,ipaddress,1.0,1.0,0.0,0.0,1.0
openstack/heat,ironicclient,4.0,2.0,0.0,0.0,2.0
openstack/heat,itertools,24.0,5.0,0.0,0.0,5.0
openstack/heat,json,38.0,4.0,0.0,0.0,4.0
openstack/heat,keystoneauth1,45.0,4.0,0.0,0.0,4.0
openstack/heat,keystoneclient,6.0,3.0,0.0,0.0,3.0
openstack/heat,kombu,1.0,1.0,0.0,0.0,1.0
openstack/heat,logging,4.0,3.0,0.0,0.0,3.0
openstack/heat,lxml,2.0,2.0,0.0,0.0,2.0
openstack/heat,magnumclient,3.0,2.0,0.0,0.0,2.0
openstack/heat,manilaclient,4.0,2.0,0.0,0.0,2.0
openstack/heat,math,2.0,2.0,0.0,0.0,2.0
openstack/heat,migrate,5.0,2.0,0.0,0.0,2.0
openstack/heat,mistralclient,6.0,2.0,0.0,0.0,2.0
openstack/heat,monascaclient,2.0,1.0,0.0,0.0,1.0
openstack/heat,netaddr,2.0,2.0,0.0,0.0,2.0
openstack/heat,networking_l2gw,1.0,1.0,0.0,0.0,1.0
openstack/heat,neutron_lib,1.0,1.0,0.0,0.0,1.0
openstack/heat,neutronclient,76.0,2.0,0.0,0.0,2.0
openstack/heat,novaclient,11.0,3.0,0.0,0.0,3.0
openstack/heat,numbers,1.0,1.0,0.0,0.0,1.0
openstack/heat,octaviaclient,2.0,1.0,0.0,0.0,1.0
openstack/heat,openstack,14.0,2.0,0.0,0.0,2.0
openstack/heat,operator,2.0,1.0,0.0,0.0,1.0
openstack/heat,os,25.0,6.0,0.0,0.0,6.0
openstack/heat,os_service_types,1.0,1.0,0.0,0.0,1.0
openstack/heat,osc_lib,8.0,2.0,0.0,0.0,2.0
openstack/heat,oslo_cache,3.0,2.0,0.0,0.0,2.0
openstack/heat,oslo_concurrency,3.0,3.0,0.0,0.0,3.0
openstack/heat,oslo_config,120.0,10.0,0.0,0.0,10.0
openstack/heat,oslo_context,4.0,3.0,0.0,0.0,3.0
openstack/heat,oslo_db,15.0,3.0,0.0,0.0,3.0
openstack/heat,oslo_i18n,10.0,5.0,0.0,0.0,5.0
openstack/heat,oslo_log,124.0,11.0,0.0,0.0,11.0
openstack/heat,oslo_messaging,28.0,6.0,0.0,0.0,6.0
openstack/heat,oslo_middleware,3.0,2.0,0.0,0.0,2.0
openstack/heat,oslo_policy,16.0,3.0,0.0,0.0,3.0
openstack/heat,oslo_reports,3.0,1.0,0.0,0.0,1.0
openstack/heat,oslo_serialization,49.0,6.0,0.0,0.0,6.0
openstack/heat,oslo_service,7.0,3.0,0.0,0.0,3.0
openstack/heat,oslo_upgradecheck,3.0,2.0,0.0,0.0,2.0
openstack/heat,oslo_utils,89.0,8.0,0.0,0.0,8.0
openstack/heat,oslo_versionedobjects,32.0,1.0,0.0,0.0,1.0
openstack/heat,oslotest,1.0,1.0,0.0,0.0,1.0
openstack/heat,osprofiler,7.0,3.0,0.0,0.0,3.0
openstack/heat,paste,1.0,1.0,0.0,0.0,1.0
openstack/heat,pbr,2.0,2.0,0.0,0.0,2.0
openstack/heat,pkg_resources,1.0,1.0,0.0,0.0,1.0
openstack/heat,pkgutil,3.0,3.0,0.0,0.0,3.0
openstack/heat,pydoc,2.0,1.0,0.0,0.0,1.0
openstack/heat,pytz,2.0,2.0,0.0,0.0,2.0
openstack/heat,rally,7.0,1.0,0.0,0.0,1.0
openstack/heat,rally-scenarios,0.0,0.0,7.0,1.0,1.0
openstack/heat,random,8.0,5.0,0.0,0.0,5.0
openstack/heat,re,20.0,7.0,0.0,0.0,7.0
openstack/heat,requests,16.0,5.0,0.0,0.0,5.0
openstack/heat,routes,3.0,2.0,0.0,0.0,2.0
openstack/heat,saharaclient,4.0,2.0,0.0,0.0,2.0
openstack/heat,shlex,1.0,1.0,0.0,0.0,1.0
openstack/heat,signal,2.0,2.0,0.0,0.0,2.0
openstack/heat,socket,4.0,4.0,0.0,0.0,4.0
openstack/heat,sqlalchemy,37.0,2.0,0.0,0.0,2.0
openstack/heat,stevedore,4.0,2.0,0.0,0.0,2.0
openstack/heat,string,3.0,3.0,0.0,0.0,3.0
openstack/heat,subprocess,3.0,3.0,0.0,0.0,3.0
openstack/heat,swiftclient,11.0,3.0,0.0,0.0,3.0
openstack/heat,sys,21.0,6.0,0.0,0.0,6.0
openstack/heat,tempest,3.0,1.0,0.0,0.0,1.0
openstack/heat,tempfile,1.0,1.0,0.0,0.0,1.0
openstack/heat,tenacity,7.0,3.0,0.0,0.0,3.0
openstack/heat,testscenarios,2.0,2.0,0.0,0.0,2.0
openstack/heat,testtools,11.0,2.0,0.0,0.0,2.0
openstack/heat,threading,4.0,1.0,0.0,0.0,1.0
openstack/heat,time,10.0,4.0,0.0,0.0,4.0
openstack/heat,traceback,1.0,1.0,0.0,0.0,1.0
openstack/heat,troveclient,6.0,2.0,0.0,0.0,2.0
openstack/heat,types,3.0,3.0,0.0,0.0,3.0
openstack/heat,unittest,236.0,2.0,0.0,0.0,2.0
openstack/heat,urllib,30.0,5.0,0.0,0.0,5.0
openstack/heat,uuid,40.0,4.0,0.0,0.0,4.0
openstack/heat,vitrageclient,1.0,1.0,0.0,0.0,1.0
openstack/heat,warnings,2.0,2.0,0.0,0.0,2.0
openstack/heat,weakref,11.0,2.0,0.0,0.0,2.0
openstack/heat,webob,39.0,4.0,0.0,0.0,4.0
openstack/heat,yaml,22.0,4.0,0.0,0.0,4.0
openstack/heat,yaql,2.0,1.0,0.0,0.0,1.0
openstack/heat,zaqarclient,5.0,2.0,0.0,0.0,2.0
openstack/heat,zunclient,3.0,2.0,0.0,0.0,2.0
openstack/horizon,_thread,1.0,1.0,0.0,0.0,1.0
openstack/horizon,abc,3.0,2.0,0.0,0.0,2.0
openstack/horizon,ast,1.0,1.0,0.0,0.0,1.0
openstack/horizon,babel,4.0,1.0,0.0,0.0,1.0
openstack/horizon,builtins,1.0,1.0,0.0,0.0,1.0
openstack/horizon,cinderclient,26.0,1.0,0.0,0.0,1.0
openstack/horizon,collections,48.0,10.0,0.0,0.0,10.0
openstack/horizon,compressor,1.0,1.0,0.0,0.0,1.0
openstack/horizon,contextlib,4.0,1.0,0.0,0.0,1.0
openstack/horizon,copy,20.0,7.0,0.0,0.0,7.0
openstack/horizon,csv,1.0,1.0,0.0,0.0,1.0
openstack/horizon,datetime,21.0,6.0,0.0,0.0,6.0
openstack/horizon,debtcollector,1.0,1.0,0.0,0.0,1.0
openstack/horizon,decimal,1.0,1.0,0.0,0.0,1.0
openstack/horizon,difflib,1.0,1.0,0.0,0.0,1.0
openstack/horizon,distutils,2.0,1.0,0.0,0.0,1.0
openstack/horizon,django,1366.0,15.0,0.0,0.0,15.0
openstack/horizon,django_pyscss,2.0,1.0,0.0,0.0,1.0
openstack/horizon,errno,1.0,1.0,0.0,0.0,1.0
openstack/horizon,freezegun,1.0,1.0,0.0,0.0,1.0
openstack/horizon,functools,13.0,5.0,0.0,0.0,5.0
openstack/horizon,futurist,1.0,1.0,0.0,0.0,1.0
openstack/horizon,glanceclient,4.0,1.0,0.0,0.0,1.0
openstack/horizon,glob,4.0,3.0,0.0,0.0,3.0
openstack/horizon,hacking,1.0,1.0,0.0,0.0,1.0
openstack/horizon,horizon,80.0,4.0,94.0,28.0,32.0
openstack/horizon,horizon/base,15.0,5.0,0.0,0.0,5.0
openstack/horizon,horizon/browsers,16.0,1.0,12.0,4.0,5.0
openstack/horizon,horizon/cache,2.0,2.0,0.0,0.0,2.0
openstack/horizon,horizon/conf,9.0,6.0,9.0,3.0,9.0
openstack/horizon,horizon/contrib,1.0,1.0,3.0,2.0,3.0
openstack/horizon,horizon/decorators,5.0,2.0,0.0,0.0,2.0
openstack/horizon,horizon/defaults,4.0,3.0,0.0,0.0,3.0
openstack/horizon,horizon/exceptions,191.0,9.0,0.0,0.0,9.0
openstack/horizon,horizon/forms,115.0,4.0,32.0,11.0,15.0
openstack/horizon,horizon/hacking,1.0,1.0,2.0,2.0,3.0
openstack/horizon,horizon/loaders,1.0,1.0,0.0,0.0,1.0
openstack/horizon,horizon/management,2.0,1.0,16.0,6.0,7.0
openstack/horizon,horizon/messages,74.0,5.0,0.0,0.0,5.0
openstack/horizon,horizon/middleware,6.0,1.0,27.0,10.0,11.0
openstack/horizon,horizon/notifications,2.0,2.0,0.0,0.0,2.0
openstack/horizon,horizon/tables,113.0,4.0,58.0,19.0,23.0
openstack/horizon,horizon/tabs,54.0,2.0,15.0,8.0,10.0
openstack/horizon,horizon/templatetags,8.0,3.0,34.0,9.0,12.0
openstack/horizon,horizon/test,7.0,2.0,202.0,45.0,47.0
openstack/horizon,horizon/themes,1.0,1.0,0.0,0.0,1.0
openstack/horizon,horizon/utils,112.0,9.0,60.0,25.0,34.0
openstack/horizon,horizon/version,1.0,1.0,0.0,0.0,1.0
openstack/horizon,horizon/views,22.0,7.0,0.0,0.0,7.0
openstack/horizon,horizon/workflows,34.0,2.0,34.0,14.0,16.0
openstack/horizon,html,1.0,1.0,0.0,0.0,1.0
openstack/horizon,importlib,11.0,6.0,0.0,0.0,6.0
openstack/horizon,inspect,5.0,4.0,0.0,0.0,4.0
openstack/horizon,io,3.0,3.0,0.0,0.0,3.0
openstack/horizon,iso8601,1.0,1.0,0.0,0.0,1.0
openstack/horizon,itertools,5.0,3.0,0.0,0.0,3.0
openstack/horizon,json,31.0,7.0,0.0,0.0,7.0
openstack/horizon,keystoneauth1,18.0,2.0,0.0,0.0,2.0
openstack/horizon,keystoneclient,27.0,2.0,0.0,0.0,2.0
openstack/horizon,local,1.0,1.0,0.0,0.0,1.0
openstack/horizon,logging,98.0,9.0,0.0,0.0,9.0
openstack/horizon,math,2.0,2.0,0.0,0.0,2.0
openstack/horizon,multiprocessing,1.0,1.0,0.0,0.0,1.0
openstack/horizon,netaddr,9.0,2.0,0.0,0.0,2.0
openstack/horizon,neutronclient,13.0,1.0,0.0,0.0,1.0
openstack/horizon,novaclient,31.0,1.0,0.0,0.0,1.0
openstack/horizon,openstack_auth,13.0,4.0,116.0,18.0,22.0
openstack/horizon,openstack_dashboard,1.0,1.0,2338.0,91.0,92.0
openstack/horizon,operator,7.0,4.0,0.0,0.0,4.0
openstack/horizon,os,49.0,8.0,0.0,0.0,8.0
openstack/horizon,oslo_concurrency,1.0,1.0,0.0,0.0,1.0
openstack/horizon,oslo_config,4.0,2.0,0.0,0.0,2.0
openstack/horizon,oslo_policy,3.0,2.0,0.0,0.0,2.0
openstack/horizon,oslo_serialization,3.0,1.0,0.0,0.0,1.0
openstack/horizon,oslo_upgradecheck,1.0,1.0,0.0,0.0,1.0
openstack/horizon,oslo_utils,11.0,4.0,0.0,0.0,4.0
openstack/horizon,osprofiler,9.0,2.0,0.0,0.0,2.0
openstack/horizon,pbr,1.0,1.0,0.0,0.0,1.0
openstack/horizon,pkgutil,1.0,1.0,0.0,0.0,1.0
openstack/horizon,platform,1.0,1.0,0.0,0.0,1.0
openstack/horizon,pycodestyle,1.0,1.0,0.0,0.0,1.0
openstack/horizon,pytest,7.0,2.0,0.0,0.0,2.0
openstack/horizon,pytz,5.0,4.0,0.0,0.0,4.0
openstack/horizon,random,4.0,2.0,0.0,0.0,2.0
openstack/horizon,re,20.0,7.0,0.0,0.0,7.0
openstack/horizon,requests,4.0,3.0,0.0,0.0,3.0
openstack/horizon,scss,2.0,1.0,0.0,0.0,1.0
openstack/horizon,selenium,49.0,2.0,0.0,0.0,2.0
openstack/horizon,semantic_version,1.0,1.0,0.0,0.0,1.0
openstack/horizon,shlex,1.0,1.0,0.0,0.0,1.0
openstack/horizon,shutil,2.0,2.0,0.0,0.0,2.0
openstack/horizon,signal,1.0,1.0,0.0,0.0,1.0
openstack/horizon,six,4.0,2.0,0.0,0.0,2.0
openstack/horizon,socket,7.0,2.0,0.0,0.0,2.0
openstack/horizon,string,2.0,2.0,0.0,0.0,2.0
openstack/horizon,subprocess,7.0,2.0,0.0,0.0,2.0
openstack/horizon,swiftclient,3.0,1.0,0.0,0.0,1.0
openstack/horizon,sys,12.0,4.0,0.0,0.0,4.0
openstack/horizon,tempfile,7.0,2.0,0.0,0.0,2.0
openstack/horizon,testtools,2.0,1.0,0.0,0.0,1.0
openstack/horizon,textwrap,1.0,1.0,0.0,0.0,1.0
openstack/horizon,threading,3.0,3.0,0.0,0.0,3.0
openstack/horizon,time,8.0,2.0,0.0,0.0,2.0
openstack/horizon,traceback,2.0,1.0,0.0,0.0,1.0
openstack/horizon,types,2.0,2.0,0.0,0.0,2.0
openstack/horizon,unittest,82.0,3.0,0.0,0.0,3.0
openstack/horizon,urllib,27.0,4.0,0.0,0.0,4.0
openstack/horizon,uuid,6.0,3.0,0.0,0.0,3.0
openstack/horizon,warnings,5.0,3.0,0.0,0.0,3.0
openstack/horizon,weakref,1.0,1.0,0.0,0.0,1.0
openstack/horizon,xvfbwrapper,2.0,2.0,0.0,0.0,2.0
openstack/horizon,yaml,4.0,2.0,0.0,0.0,2.0
openstack/horizon,zipfile,1.0,1.0,0.0,0.0,1.0
openstack/ironic,__original_module_threading,1.0,1.0,0.0,0.0,1.0
openstack/ironic,abc,7.0,5.0,0.0,0.0,5.0
openstack/ironic,alembic,63.0,2.0,0.0,0.0,2.0
openstack/ironic,ansible,3.0,1.0,0.0,0.0,1.0
openstack/ironic,ast,1.0,1.0,0.0,0.0,1.0
openstack/ironic,automaton,2.0,1.0,0.0,0.0,1.0
openstack/ironic,base64,3.0,3.0,0.0,0.0,3.0
openstack/ironic,builtins,5.0,1.0,0.0,0.0,1.0
openstack/ironic,cinderclient,4.0,2.0,0.0,0.0,2.0
openstack/ironic,collections,22.0,6.0,0.0,0.0,6.0
openstack/ironic,configparser,1.0,1.0,0.0,0.0,1.0
openstack/ironic,contextlib,7.0,5.0,0.0,0.0,5.0
openstack/ironic,copy,15.0,6.0,0.0,0.0,6.0
openstack/ironic,crypt,1.0,1.0,0.0,0.0,1.0
openstack/ironic,datetime,39.0,5.0,0.0,0.0,5.0
openstack/ironic,ddt,4.0,1.0,0.0,0.0,1.0
openstack/ironic,dracclient,8.0,1.0,0.0,0.0,1.0
openstack/ironic,errno,4.0,3.0,0.0,0.0,3.0
openstack/ironic,eventlet,11.0,4.0,0.0,0.0,4.0
openstack/ironic,fcntl,2.0,2.0,0.0,0.0,2.0
openstack/ironic,fixtures,9.0,1.0,0.0,0.0,1.0
openstack/ironic,functools,15.0,5.0,0.0,0.0,5.0
openstack/ironic,futurist,11.0,2.0,0.0,0.0,2.0
openstack/ironic,glanceclient,5.0,2.0,0.0,0.0,2.0
openstack/ironic,gzip,2.0,2.0,0.0,0.0,2.0
openstack/ironic,hacking,1.0,1.0,0.0,0.0,1.0
openstack/ironic,hashlib,6.0,4.0,0.0,0.0,4.0
openstack/ironic,http,43.0,4.0,0.0,0.0,4.0
openstack/ironic,ibm_db_alembic,1.0,1.0,0.0,0.0,1.0
openstack/ironic,importlib,4.0,1.0,0.0,0.0,1.0
openstack/ironic,inspect,9.0,5.0,0.0,0.0,5.0
openstack/ironic,io,9.0,3.0,0.0,0.0,3.0
openstack/ironic,ipaddress,6.0,4.0,0.0,0.0,4.0
openstack/ironic,ironic,0.0,0.0,1.0,1.0,1.0
openstack/ironic,ironic/api,79.0,2.0,229.0,35.0,37.0
openstack/ironic,ironic/cmd,4.0,1.0,43.0,15.0,16.0
openstack/ironic,ironic/common,875.0,9.0,203.0,61.0,70.0
openstack/ironic,ironic/conductor,241.0,5.0,159.0,33.0,38.0
openstack/ironic,ironic/conf,82.0,9.0,83.0,10.0,19.0
openstack/ironic,ironic/db,41.0,6.0,199.0,21.0,27.0
openstack/ironic,ironic/dhcp,4.0,1.0,16.0,10.0,11.0
openstack/ironic,ironic/drivers,341.0,4.0,749.0,56.0,60.0
openstack/ironic,ironic/hacking,0.0,0.0,2.0,2.0,2.0
openstack/ironic,ironic/objects,150.0,6.0,86.0,9.0,15.0
openstack/ironic,ironic/tests,0.0,0.0,1841.0,87.0,87.0
openstack/ironic,ironic/version,3.0,2.0,0.0,0.0,2.0
openstack/ironic,ironic_lib,78.0,5.0,0.0,0.0,5.0
openstack/ironic,iso8601,1.0,1.0,0.0,0.0,1.0
openstack/ironic,itertools,3.0,3.0,0.0,0.0,3.0
openstack/ironic,jinja2,3.0,2.0,0.0,0.0,2.0
openstack/ironic,json,26.0,5.0,0.0,0.0,5.0
openstack/ironic,jsonpatch,1.0,1.0,0.0,0.0,1.0
openstack/ironic,jsonschema,10.0,3.0,0.0,0.0,3.0
openstack/ironic,keystoneauth1,13.0,4.0,0.0,0.0,4.0
openstack/ironic,keystonemiddleware,7.0,2.0,0.0,0.0,2.0
openstack/ironic,logging,2.0,2.0,0.0,0.0,2.0
openstack/ironic,math,2.0,1.0,0.0,0.0,1.0
openstack/ironic,openstack,13.0,5.0,0.0,0.0,5.0
openstack/ironic,os,63.0,8.0,0.0,0.0,8.0
openstack/ironic,os_traits,1.0,1.0,0.0,0.0,1.0
openstack/ironic,oslo_concurrency,19.0,4.0,0.0,0.0,4.0
openstack/ironic,oslo_config,148.0,9.0,0.0,0.0,9.0
openstack/ironic,oslo_context,2.0,2.0,0.0,0.0,2.0
openstack/ironic,oslo_db,34.0,4.0,0.0,0.0,4.0
openstack/ironic,oslo_i18n,1.0,1.0,0.0,0.0,1.0
openstack/ironic,oslo_log,129.0,10.0,0.0,0.0,10.0
openstack/ironic,oslo_messaging,14.0,4.0,0.0,0.0,4.0
openstack/ironic,oslo_middleware,5.0,2.0,0.0,0.0,2.0
openstack/ironic,oslo_policy,5.0,3.0,0.0,0.0,3.0
openstack/ironic,oslo_reports,2.0,1.0,0.0,0.0,1.0
openstack/ironic,oslo_serialization,8.0,4.0,0.0,0.0,4.0
openstack/ironic,oslo_service,14.0,5.0,0.0,0.0,5.0
openstack/ironic,oslo_upgradecheck,3.0,2.0,0.0,0.0,2.0
openstack/ironic,oslo_utils,279.0,9.0,0.0,0.0,9.0
openstack/ironic,oslo_versionedobjects,26.0,4.0,0.0,0.0,4.0
openstack/ironic,oslotest,2.0,1.0,0.0,0.0,1.0
openstack/ironic,osprofiler,7.0,4.0,0.0,0.0,4.0
openstack/ironic,pbr,2.0,2.0,0.0,0.0,2.0
openstack/ironic,pecan,28.0,2.0,0.0,0.0,2.0
openstack/ironic,proliantutils,1.0,1.0,0.0,0.0,1.0
openstack/ironic,psutil,4.0,3.0,0.0,0.0,3.0
openstack/ironic,pycdlib,2.0,1.0,0.0,0.0,1.0
openstack/ironic,pysnmp,5.0,2.0,0.0,0.0,2.0
openstack/ironic,pytz,1.0,1.0,0.0,0.0,1.0
openstack/ironic,pyudev,1.0,1.0,0.0,0.0,1.0
openstack/ironic,queue,2.0,2.0,0.0,0.0,2.0
openstack/ironic,random,5.0,2.0,0.0,0.0,2.0
openstack/ironic,re,12.0,5.0,0.0,0.0,5.0
openstack/ironic,requests,10.0,3.0,0.0,0.0,3.0
openstack/ironic,rfc3986,2.0,1.0,0.0,0.0,1.0
openstack/ironic,secrets,1.0,1.0,0.0,0.0,1.0
openstack/ironic,shlex,2.0,1.0,0.0,0.0,1.0
openstack/ironic,shutil,18.0,3.0,0.0,0.0,3.0
openstack/ironic,signal,3.0,3.0,0.0,0.0,3.0
openstack/ironic,socket,4.0,4.0,0.0,0.0,4.0
openstack/ironic,sqlalchemy,92.0,3.0,0.0,0.0,3.0
openstack/ironic,ssl,2.0,2.0,0.0,0.0,2.0
openstack/ironic,stat,1.0,1.0,0.0,0.0,1.0
openstack/ironic,stevedore,6.0,3.0,0.0,0.0,3.0
openstack/ironic,string,3.0,3.0,0.0,0.0,3.0
openstack/ironic,subprocess,6.0,2.0,0.0,0.0,2.0
openstack/ironic,swiftclient,7.0,2.0,0.0,0.0,2.0
openstack/ironic,sys,16.0,4.0,0.0,0.0,4.0
openstack/ironic,tempfile,30.0,5.0,0.0,0.0,5.0
openstack/ironic,tenacity,20.0,4.0,0.0,0.0,4.0
openstack/ironic,testtools,15.0,1.0,0.0,0.0,1.0
openstack/ironic,threading,5.0,5.0,0.0,0.0,5.0
openstack/ironic,time,26.0,5.0,0.0,0.0,5.0
openstack/ironic,tooz,1.0,1.0,0.0,0.0,1.0
openstack/ironic,traceback,2.0,2.0,0.0,0.0,2.0
openstack/ironic,types,11.0,2.0,0.0,0.0,2.0
openstack/ironic,typing,1.0,1.0,0.0,0.0,1.0
openstack/ironic,unittest,160.0,1.0,0.0,0.0,1.0
openstack/ironic,urllib,27.0,4.0,0.0,0.0,4.0
openstack/ironic,uuid,3.0,2.0,0.0,0.0,2.0
openstack/ironic,warnings,1.0,1.0,0.0,0.0,1.0
openstack/ironic,webob,6.0,2.0,0.0,0.0,2.0
openstack/ironic,xml,1.0,1.0,0.0,0.0,1.0
openstack/ironic,yaml,1.0,1.0,0.0,0.0,1.0
openstack/keystone,abc,26.0,17.0,0.0,0.0,17.0
openstack/keystone,alembic,8.0,2.0,0.0,0.0,2.0
openstack/keystone,argparse,2.0,2.0,0.0,0.0,2.0
openstack/keystone,ast,2.0,2.0,0.0,0.0,2.0
openstack/keystone,atexit,1.0,1.0,0.0,0.0,1.0
openstack/keystone,base64,12.0,6.0,0.0,0.0,6.0
openstack/keystone,codecs,1.0,1.0,0.0,0.0,1.0
openstack/keystone,collections,6.0,5.0,0.0,0.0,5.0
openstack/keystone,configparser,2.0,2.0,0.0,0.0,2.0
openstack/keystone,contextlib,2.0,2.0,0.0,0.0,2.0
openstack/keystone,copy,22.0,4.0,0.0,0.0,4.0
openstack/keystone,cryptography,10.0,5.0,0.0,0.0,5.0
openstack/keystone,datetime,45.0,11.0,0.0,0.0,11.0
openstack/keystone,dogpile,6.0,2.0,0.0,0.0,2.0
openstack/keystone,fixtures,33.0,1.0,0.0,0.0,1.0
openstack/keystone,flask,43.0,9.0,0.0,0.0,9.0
openstack/keystone,flask_restful,20.0,3.0,0.0,0.0,3.0
openstack/keystone,freezegun,12.0,1.0,0.0,0.0,1.0
openstack/keystone,functools,22.0,7.0,0.0,0.0,7.0
openstack/keystone,grp,1.0,1.0,0.0,0.0,1.0
openstack/keystone,hacking,1.0,1.0,0.0,0.0,1.0
openstack/keystone,hashlib,14.0,5.0,0.0,0.0,5.0
openstack/keystone,hmac,2.0,2.0,0.0,0.0,2.0
openstack/keystone,http,89.0,5.0,0.0,0.0,5.0
openstack/keystone,importlib,1.0,1.0,0.0,0.0,1.0
openstack/keystone,inspect,2.0,2.0,0.0,0.0,2.0
openstack/keystone,itertools,11.0,6.0,0.0,0.0,6.0
openstack/keystone,json,5.0,2.0,0.0,0.0,2.0
openstack/keystone,jsonschema,2.0,2.0,0.0,0.0,2.0
openstack/keystone,jwt,1.0,1.0,0.0,0.0,1.0
openstack/keystone,keystone,0.0,0.0,28.0,15.0,15.0
openstack/keystone,keystone/api,8.0,2.0,318.0,37.0,39.0
openstack/keystone,keystone/application_credential,6.0,3.0,17.0,8.0,11.0
openstack/keystone,keystone/assignment,11.0,6.0,33.0,11.0,17.0
openstack/keystone,keystone/auth,20.0,7.0,74.0,21.0,28.0
openstack/keystone,keystone/catalog,11.0,3.0,29.0,10.0,13.0
openstack/keystone,keystone/cmd,13.0,1.0,60.0,21.0,22.0
openstack/keystone,keystone/common,492.0,22.0,207.0,49.0,71.0
openstack/keystone,keystone/conf,177.0,22.0,52.0,14.0,36.0
openstack/keystone,keystone/credential,16.0,4.0,26.0,12.0,16.0
openstack/keystone,keystone/endpoint_policy,4.0,2.0,12.0,8.0,10.0
openstack/keystone,keystone/exception,184.0,23.0,0.0,0.0,23.0
openstack/keystone,keystone/federation,25.0,7.0,52.0,20.0,27.0
openstack/keystone,keystone/i18n,77.0,22.0,0.0,0.0,22.0
openstack/keystone,keystone/identity,44.0,6.0,90.0,28.0,34.0
openstack/keystone,keystone/limit,6.0,3.0,29.0,10.0,13.0
openstack/keystone,keystone/models,15.0,5.0,21.0,8.0,13.0
openstack/keystone,keystone/notifications,23.0,17.0,0.0,0.0,17.0
openstack/keystone,keystone/oauth1,12.0,4.0,25.0,14.0,18.0
openstack/keystone,keystone/oauth2,1.0,1.0,2.0,2.0,3.0
openstack/keystone,keystone/policy,6.0,3.0,12.0,6.0,9.0
openstack/keystone,keystone/receipt,6.0,3.0,39.0,20.0,23.0
openstack/keystone,keystone/resource,15.0,3.0,36.0,10.0,13.0
openstack/keystone,keystone/revoke,5.0,2.0,17.0,11.0,13.0
openstack/keystone,keystone/server,45.0,5.0,98.0,44.0,49.0
openstack/keystone,keystone/tests,0.0,0.0,1096.0,90.0,90.0
openstack/keystone,keystone/token,11.0,3.0,44.0,19.0,22.0
openstack/keystone,keystone/trust,6.0,3.0,15.0,8.0,11.0
openstack/keystone,keystoneclient,3.0,2.0,0.0,0.0,2.0
openstack/keystone,keystonemiddleware,1.0,1.0,0.0,0.0,1.0
openstack/keystone,ldap,10.0,2.0,0.0,0.0,2.0
openstack/keystone,ldappool,3.0,2.0,0.0,0.0,2.0
openstack/keystone,logging,4.0,3.0,0.0,0.0,3.0
openstack/keystone,lxml,1.0,1.0,0.0,0.0,1.0
openstack/keystone,migrate,9.0,2.0,0.0,0.0,2.0
openstack/keystone,msgpack,2.0,2.0,0.0,0.0,2.0
openstack/keystone,oauthlib,2.0,1.0,0.0,0.0,1.0
openstack/keystone,operator,2.0,2.0,0.0,0.0,2.0
openstack/keystone,os,33.0,10.0,0.0,0.0,10.0
openstack/keystone,oslo_cache,2.0,2.0,0.0,0.0,2.0
openstack/keystone,oslo_config,57.0,6.0,0.0,0.0,6.0
openstack/keystone,oslo_context,5.0,2.0,0.0,0.0,2.0
openstack/keystone,oslo_db,30.0,8.0,0.0,0.0,8.0
openstack/keystone,oslo_i18n,3.0,2.0,0.0,0.0,2.0
openstack/keystone,oslo_log,113.0,21.0,0.0,0.0,21.0
openstack/keystone,oslo_messaging,3.0,3.0,0.0,0.0,3.0
openstack/keystone,oslo_middleware,2.0,2.0,0.0,0.0,2.0
openstack/keystone,oslo_policy,44.0,5.0,0.0,0.0,5.0
openstack/keystone,oslo_serialization,49.0,9.0,0.0,0.0,9.0
openstack/keystone,oslo_upgradecheck,3.0,2.0,0.0,0.0,2.0
openstack/keystone,oslo_utils,42.0,13.0,0.0,0.0,13.0
openstack/keystone,oslotest,2.0,1.0,0.0,0.0,1.0
openstack/keystone,osprofiler,4.0,2.0,0.0,0.0,2.0
openstack/keystone,passlib,3.0,3.0,0.0,0.0,3.0
openstack/keystone,pbr,1.0,1.0,0.0,0.0,1.0
openstack/keystone,pkg_resources,1.0,1.0,0.0,0.0,1.0
openstack/keystone,pkgutil,1.0,1.0,0.0,0.0,1.0
openstack/keystone,pwd,1.0,1.0,0.0,0.0,1.0
openstack/keystone,pycadf,18.0,4.0,0.0,0.0,4.0
openstack/keystone,pycodestyle,1.0,1.0,0.0,0.0,1.0
openstack/keystone,pydev,1.0,1.0,0.0,0.0,1.0
openstack/keystone,pydevd,1.0,1.0,0.0,0.0,1.0
openstack/keystone,pytz,1.0,1.0,0.0,0.0,1.0
openstack/keystone,random,6.0,2.0,0.0,0.0,2.0
openstack/keystone,re,11.0,6.0,0.0,0.0,6.0
openstack/keystone,requests,2.0,1.0,0.0,0.0,1.0
openstack/keystone,saml2,11.0,2.0,0.0,0.0,2.0
openstack/keystone,secrets,3.0,3.0,0.0,0.0,3.0
openstack/keystone,shelve,1.0,1.0,0.0,0.0,1.0
openstack/keystone,shutil,1.0,1.0,0.0,0.0,1.0
openstack/keystone,socket,2.0,2.0,0.0,0.0,2.0
openstack/keystone,sqlalchemy,42.0,13.0,0.0,0.0,13.0
openstack/keystone,stat,1.0,1.0,0.0,0.0,1.0
openstack/keystone,stevedore,8.0,5.0,0.0,0.0,5.0
openstack/keystone,string,2.0,2.0,0.0,0.0,2.0
openstack/keystone,struct,2.0,2.0,0.0,0.0,2.0
openstack/keystone,subprocess,4.0,2.0,0.0,0.0,2.0
openstack/keystone,sys,9.0,5.0,0.0,0.0,5.0
openstack/keystone,tempfile,2.0,1.0,0.0,0.0,1.0
openstack/keystone,testtools,36.0,1.0,0.0,0.0,1.0
openstack/keystone,textwrap,3.0,2.0,0.0,0.0,2.0
openstack/keystone,threading,2.0,2.0,0.0,0.0,2.0
openstack/keystone,time,2.0,2.0,0.0,0.0,2.0
openstack/keystone,types,1.0,1.0,0.0,0.0,1.0
openstack/keystone,unittest,29.0,1.0,0.0,0.0,1.0
openstack/keystone,urllib,11.0,4.0,0.0,0.0,4.0
openstack/keystone,uuid,120.0,12.0,0.0,0.0,12.0
openstack/keystone,warnings,2.0,1.0,0.0,0.0,1.0
openstack/keystone,weakref,1.0,1.0,0.0,0.0,1.0
openstack/keystone,webob,3.0,2.0,0.0,0.0,2.0
openstack/keystone,webtest,3.0,1.0,0.0,0.0,1.0
openstack/keystone,werkzeug,9.0,2.0,0.0,0.0,2.0
openstack/keystone,wsgiref,2.0,1.0,0.0,0.0,1.0
openstack/neutron,__original_module_threading,1.0,1.0,0.0,0.0,1.0
openstack/neutron,abc,68.0,14.0,0.0,0.0,14.0
openstack/neutron,alembic,162.0,2.0,0.0,0.0,2.0
openstack/neutron,atexit,3.0,2.0,0.0,0.0,2.0
openstack/neutron,base64,1.0,1.0,0.0,0.0,1.0
openstack/neutron,binascii,1.0,1.0,0.0,0.0,1.0
openstack/neutron,builtins,3.0,3.0,0.0,0.0,3.0
openstack/neutron,cProfile,1.0,1.0,0.0,0.0,1.0
openstack/neutron,click,1.0,1.0,0.0,0.0,1.0
openstack/neutron,cliff,1.0,1.0,0.0,0.0,1.0
openstack/neutron,collections,90.0,11.0,0.0,0.0,11.0
openstack/neutron,concurrent,2.0,1.0,0.0,0.0,1.0
openstack/neutron,configparser,1.0,1.0,0.0,0.0,1.0
openstack/neutron,contextlib,30.0,6.0,0.0,0.0,6.0
openstack/neutron,copy,88.0,13.0,0.0,0.0,13.0
openstack/neutron,ctypes,7.0,2.0,0.0,0.0,2.0
openstack/neutron,datetime,36.0,6.0,0.0,0.0,6.0
openstack/neutron,ddt,9.0,1.0,0.0,0.0,1.0
openstack/neutron,debtcollector,4.0,4.0,0.0,0.0,4.0
openstack/neutron,decorator,1.0,1.0,0.0,0.0,1.0
openstack/neutron,designateclient,3.0,2.0,0.0,0.0,2.0
openstack/neutron,difflib,1.0,1.0,0.0,0.0,1.0
openstack/neutron,enum,2.0,2.0,0.0,0.0,2.0
openstack/neutron,errno,10.0,4.0,0.0,0.0,4.0
openstack/neutron,eventlet,53.0,10.0,0.0,0.0,10.0
openstack/neutron,fcntl,1.0,1.0,0.0,0.0,1.0
openstack/neutron,fixtures,28.0,1.0,0.0,0.0,1.0
openstack/neutron,functools,58.0,12.0,0.0,0.0,12.0
openstack/neutron,futurist,3.0,2.0,0.0,0.0,2.0
openstack/neutron,gettext,1.0,1.0,0.0,0.0,1.0
openstack/neutron,glob,2.0,2.0,0.0,0.0,2.0
openstack/neutron,grp,4.0,1.0,0.0,0.0,1.0
openstack/neutron,hacking,1.0,1.0,0.0,0.0,1.0
openstack/neutron,hashlib,4.0,3.0,0.0,0.0,3.0
openstack/neutron,hmac,1.0,1.0,0.0,0.0,1.0
openstack/neutron,http,2.0,2.0,0.0,0.0,2.0
openstack/neutron,httplib2,2.0,2.0,0.0,0.0,2.0
openstack/neutron,ibm_db_alembic,1.0,1.0,0.0,0.0,1.0
openstack/neutron,importlib,4.0,4.0,0.0,0.0,4.0
openstack/neutron,inspect,7.0,5.0,0.0,0.0,5.0
openstack/neutron,io,7.0,3.0,0.0,0.0,3.0
openstack/neutron,ipaddress,2.0,2.0,0.0,0.0,2.0
openstack/neutron,itertools,49.0,13.0,0.0,0.0,13.0
openstack/neutron,jinja2,2.0,1.0,0.0,0.0,1.0
openstack/neutron,keystoneauth1,19.0,8.0,0.0,0.0,8.0
openstack/neutron,logging,9.0,5.0,0.0,0.0,5.0
openstack/neutron,math,6.0,3.0,0.0,0.0,3.0
openstack/neutron,multiprocessing,3.0,2.0,0.0,0.0,2.0
openstack/neutron,netaddr,148.0,12.0,0.0,0.0,12.0
openstack/neutron,netifaces,2.0,2.0,0.0,0.0,2.0
openstack/neutron,neutron,5.0,2.0,145.0,44.0,46.0
openstack/neutron,neutron/_i18n,203.0,19.0,0.0,0.0,19.0
openstack/neutron,neutron/agent,491.0,10.0,827.0,80.0,90.0
openstack/neutron,neutron/api,306.0,9.0,192.0,38.0,47.0
openstack/neutron,neutron/auth,1.0,1.0,0.0,0.0,1.0
openstack/neutron,neutron/cmd,19.0,2.0,226.0,42.0,44.0
openstack/neutron,neutron/common,363.0,17.0,203.0,51.0,68.0
openstack/neutron,neutron/conf,281.0,13.0,178.0,16.0,29.0
openstack/neutron,neutron/core_extensions,5.0,2.0,7.0,3.0,5.0
openstack/neutron,neutron/db,399.0,12.0,1235.0,38.0,50.0
openstack/neutron,neutron/debug,2.0,1.0,23.0,14.0,15.0
openstack/neutron,neutron/exceptions,2.0,2.0,2.0,2.0,4.0
openstack/neutron,neutron/extensions,98.0,10.0,451.0,20.0,30.0
openstack/neutron,neutron/hacking,1.0,1.0,3.0,3.0,4.0
openstack/neutron,neutron/ipam,31.0,5.0,41.0,17.0,22.0
openstack/neutron,neutron/manager,41.0,8.0,0.0,0.0,8.0
openstack/neutron,neutron/neutron_plugin_base_v2,2.0,2.0,0.0,0.0,2.0
openstack/neutron,neutron/notifiers,10.0,5.0,34.0,14.0,19.0
openstack/neutron,neutron/objects,474.0,12.0,352.0,25.0,37.0
openstack/neutron,neutron/opts,2.0,2.0,0.0,0.0,2.0
openstack/neutron,neutron/pecan_wsgi,7.0,2.0,96.0,19.0,21.0
openstack/neutron,neutron/plugins,190.0,8.0,943.0,68.0,76.0
openstack/neutron,neutron/policy,44.0,5.0,0.0,0.0,5.0
openstack/neutron,neutron/privileged,37.0,4.0,43.0,16.0,20.0
openstack/neutron,neutron/profiling,0.0,0.0,9.0,9.0,9.0
openstack/neutron,neutron/quota,43.0,7.0,22.0,10.0,17.0
openstack/neutron,neutron/scheduler,14.0,4.0,43.0,16.0,20.0
openstack/neutron,neutron/server,4.0,1.0,16.0,11.0,12.0
openstack/neutron,neutron/service,14.0,6.0,0.0,0.0,6.0
openstack/neutron,neutron/services,178.0,8.0,784.0,50.0,58.0
openstack/neutron,neutron/tests,0.0,0.0,4867.0,124.0,124.0
openstack/neutron,neutron/version,2.0,2.0,0.0,0.0,2.0
openstack/neutron,neutron/worker,6.0,3.0,0.0,0.0,3.0
openstack/neutron,neutron/wsgi,19.0,6.0,0.0,0.0,6.0
openstack/neutron,neutron_lib,3385.0,22.0,0.0,0.0,22.0
openstack/neutron,neutronclient,15.0,2.0,0.0,0.0,2.0
openstack/neutron,novaclient,8.0,3.0,0.0,0.0,3.0
openstack/neutron,openstack,7.0,4.0,0.0,0.0,4.0
openstack/neutron,operator,10.0,6.0,0.0,0.0,6.0
openstack/neutron,os,93.0,13.0,0.0,0.0,13.0
openstack/neutron,os_ken,70.0,4.0,0.0,0.0,4.0
openstack/neutron,os_resource_classes,3.0,3.0,0.0,0.0,3.0
openstack/neutron,os_vif,6.0,2.0,0.0,0.0,2.0
openstack/neutron,oslo_cache,1.0,1.0,0.0,0.0,1.0
openstack/neutron,oslo_concurrency,40.0,7.0,0.0,0.0,7.0
openstack/neutron,oslo_config,380.0,20.0,0.0,0.0,20.0
openstack/neutron,oslo_context,5.0,4.0,0.0,0.0,4.0
openstack/neutron,oslo_db,66.0,11.0,0.0,0.0,11.0
openstack/neutron,oslo_i18n,6.0,4.0,0.0,0.0,4.0
openstack/neutron,oslo_log,359.0,21.0,0.0,0.0,21.0
openstack/neutron,oslo_messaging,48.0,8.0,0.0,0.0,8.0
openstack/neutron,oslo_middleware,5.0,4.0,0.0,0.0,4.0
openstack/neutron,oslo_policy,69.0,6.0,0.0,0.0,6.0
openstack/neutron,oslo_privsep,4.0,2.0,0.0,0.0,2.0
openstack/neutron,oslo_reports,1.0,1.0,0.0,0.0,1.0
openstack/neutron,oslo_rootwrap,1.0,1.0,0.0,0.0,1.0
openstack/neutron,oslo_serialization,32.0,11.0,0.0,0.0,11.0
openstack/neutron,oslo_service,31.0,7.0,0.0,0.0,7.0
openstack/neutron,oslo_upgradecheck,5.0,2.0,0.0,0.0,2.0
openstack/neutron,oslo_utils,412.0,17.0,0.0,0.0,17.0
openstack/neutron,oslo_versionedobjects,56.0,2.0,0.0,0.0,2.0
openstack/neutron,oslotest,2.0,1.0,0.0,0.0,1.0
openstack/neutron,osprofiler,13.0,5.0,0.0,0.0,5.0
openstack/neutron,ovs,12.0,3.0,0.0,0.0,3.0
openstack/neutron,ovsdbapp,75.0,6.0,0.0,0.0,6.0
openstack/neutron,packaging,2.0,2.0,0.0,0.0,2.0
openstack/neutron,pbr,1.0,1.0,0.0,0.0,1.0
openstack/neutron,pecan,23.0,2.0,0.0,0.0,2.0
openstack/neutron,pkg_resources,3.0,3.0,0.0,0.0,3.0
openstack/neutron,pprint,2.0,2.0,0.0,0.0,2.0
openstack/neutron,pstats,1.0,1.0,0.0,0.0,1.0
openstack/neutron,psutil,6.0,3.0,0.0,0.0,3.0
openstack/neutron,pwd,6.0,2.0,0.0,0.0,2.0
openstack/neutron,pyroute2,42.0,4.0,0.0,0.0,4.0
openstack/neutron,queue,7.0,3.0,0.0,0.0,3.0
openstack/neutron,random,38.0,10.0,0.0,0.0,10.0
openstack/neutron,re,34.0,9.0,0.0,0.0,9.0
openstack/neutron,requests,2.0,1.0,0.0,0.0,1.0
openstack/neutron,routes,2.0,2.0,0.0,0.0,2.0
openstack/neutron,select,1.0,1.0,0.0,0.0,1.0
openstack/neutron,setproctitle,10.0,2.0,0.0,0.0,2.0
openstack/neutron,shlex,7.0,4.0,0.0,0.0,4.0
openstack/neutron,shutil,10.0,3.0,0.0,0.0,3.0
openstack/neutron,signal,33.0,5.0,0.0,0.0,5.0
openstack/neutron,socket,17.0,7.0,0.0,0.0,7.0
openstack/neutron,sqlalchemy,331.0,11.0,0.0,0.0,11.0
openstack/neutron,ssl,1.0,1.0,0.0,0.0,1.0
openstack/neutron,stevedore,5.0,4.0,0.0,0.0,4.0
openstack/neutron,struct,3.0,1.0,0.0,0.0,1.0
openstack/neutron,subprocess,3.0,2.0,0.0,0.0,2.0
openstack/neutron,sys,62.0,10.0,0.0,0.0,10.0
openstack/neutron,tempfile,2.0,2.0,0.0,0.0,2.0
openstack/neutron,tenacity,11.0,6.0,0.0,0.0,6.0
openstack/neutron,testresources,1.0,1.0,0.0,0.0,1.0
openstack/neutron,testscenarios,15.0,1.0,0.0,0.0,1.0
openstack/neutron,testtools,76.0,1.0,0.0,0.0,1.0
openstack/neutron,textwrap,2.0,1.0,0.0,0.0,1.0
openstack/neutron,threading,19.0,5.0,0.0,0.0,5.0
openstack/neutron,time,32.0,9.0,0.0,0.0,9.0
openstack/neutron,tokenize,1.0,1.0,0.0,0.0,1.0
openstack/neutron,tooz,1.0,1.0,0.0,0.0,1.0
openstack/neutron,traceback,4.0,3.0,0.0,0.0,3.0
openstack/neutron,types,2.0,2.0,0.0,0.0,2.0
openstack/neutron,unittest,341.0,1.0,0.0,0.0,1.0
openstack/neutron,urllib,7.0,4.0,0.0,0.0,4.0
openstack/neutron,uuid,18.0,5.0,0.0,0.0,5.0
openstack/neutron,warnings,5.0,2.0,0.0,0.0,2.0
openstack/neutron,weakref,4.0,3.0,0.0,0.0,3.0
openstack/neutron,webob,79.0,7.0,0.0,0.0,7.0
openstack/neutron,webtest,9.0,1.0,0.0,0.0,1.0
openstack/neutron,wmi,1.0,1.0,0.0,0.0,1.0
openstack/neutron,wsgiref,1.0,1.0,0.0,0.0,1.0
openstack/nova,__original_module_threading,1.0,1.0,0.0,0.0,1.0
openstack/nova,abc,12.0,6.0,0.0,0.0,6.0
openstack/nova,alembic,16.0,2.0,0.0,0.0,2.0
openstack/nova,argparse,1.0,1.0,0.0,0.0,1.0
openstack/nova,ast,1.0,1.0,0.0,0.0,1.0
openstack/nova,base64,6.0,4.0,0.0,0.0,4.0
openstack/nova,binascii,9.0,6.0,0.0,0.0,6.0
openstack/nova,builtins,1.0,1.0,0.0,0.0,1.0
openstack/nova,castellan,17.0,6.0,0.0,0.0,6.0
openstack/nova,cinderclient,11.0,3.0,0.0,0.0,3.0
openstack/nova,codecs,1.0,1.0,0.0,0.0,1.0
openstack/nova,collections,73.0,13.0,0.0,0.0,13.0
openstack/nova,configparser,1.0,1.0,0.0,0.0,1.0
openstack/nova,contextlib,26.0,7.0,0.0,0.0,7.0
openstack/nova,copy,132.0,16.0,0.0,0.0,16.0
openstack/nova,crypt,1.0,1.0,0.0,0.0,1.0
openstack/nova,cryptography,9.0,3.0,0.0,0.0,3.0
openstack/nova,cursive,7.0,4.0,0.0,0.0,4.0
openstack/nova,dataclasses,1.0,1.0,0.0,0.0,1.0
openstack/nova,datetime,71.0,7.0,0.0,0.0,7.0
openstack/nova,dateutil,3.0,2.0,0.0,0.0,2.0
openstack/nova,ddt,34.0,1.0,0.0,0.0,1.0
openstack/nova,decorator,1.0,1.0,0.0,0.0,1.0
openstack/nova,distutils,1.0,1.0,0.0,0.0,1.0
openstack/nova,enum,2.0,1.0,0.0,0.0,1.0
openstack/nova,errno,11.0,4.0,0.0,0.0,4.0
openstack/nova,eventlet,48.0,7.0,0.0,0.0,7.0
openstack/nova,fcntl,1.0,1.0,0.0,0.0,1.0
openstack/nova,fixtures,113.0,3.0,0.0,0.0,3.0
openstack/nova,fnmatch,2.0,2.0,0.0,0.0,2.0
openstack/nova,functools,46.0,13.0,0.0,0.0,13.0
openstack/nova,futurist,4.0,2.0,0.0,0.0,2.0
openstack/nova,glanceclient,8.0,2.0,0.0,0.0,2.0
openstack/nova,glob,7.0,4.0,0.0,0.0,4.0
openstack/nova,greenlet,1.0,1.0,0.0,0.0,1.0
openstack/nova,grp,3.0,2.0,0.0,0.0,2.0
openstack/nova,gzip,1.0,1.0,0.0,0.0,1.0
openstack/nova,hacking,1.0,1.0,0.0,0.0,1.0
openstack/nova,hashlib,4.0,4.0,0.0,0.0,4.0
openstack/nova,heapq,1.0,1.0,0.0,0.0,1.0
openstack/nova,hmac,2.0,2.0,0.0,0.0,2.0
openstack/nova,http,3.0,2.0,0.0,0.0,2.0
openstack/nova,importlib,4.0,2.0,0.0,0.0,2.0
openstack/nova,inspect,18.0,9.0,0.0,0.0,9.0
openstack/nova,io,21.0,2.0,0.0,0.0,2.0
openstack/nova,ironicclient,4.0,1.0,0.0,0.0,1.0
openstack/nova,iso8601,12.0,4.0,0.0,0.0,4.0
openstack/nova,itertools,22.0,9.0,0.0,0.0,9.0
openstack/nova,jinja2,1.0,1.0,0.0,0.0,1.0
openstack/nova,jsonschema,8.0,4.0,0.0,0.0,4.0
openstack/nova,keystoneauth1,65.0,14.0,0.0,0.0,14.0
openstack/nova,keystoneclient,1.0,1.0,0.0,0.0,1.0
openstack/nova,libvirt,2.0,1.0,0.0,0.0,1.0
openstack/nova,libvirtmod_qemu,1.0,1.0,0.0,0.0,1.0
openstack/nova,logging,6.0,4.0,0.0,0.0,4.0
openstack/nova,lxml,19.0,2.0,0.0,0.0,2.0
openstack/nova,math,2.0,1.0,0.0,0.0,1.0
openstack/nova,microversion_parse,6.0,5.0,0.0,0.0,5.0
openstack/nova,migrate,12.0,2.0,0.0,0.0,2.0
openstack/nova,mmap,1.0,1.0,0.0,0.0,1.0
openstack/nova,netaddr,15.0,8.0,0.0,0.0,8.0
openstack/nova,netifaces,1.0,1.0,0.0,0.0,1.0
openstack/nova,neutronclient,17.0,3.0,0.0,0.0,3.0
openstack/nova,nova,7.0,1.0,276.0,90.0,91.0
openstack/nova,nova/accelerator,8.0,4.0,8.0,8.0,12.0
openstack/nova,nova/api,220.0,3.0,580.0,63.0,66.0
openstack/nova,nova/availability_zones,16.0,6.0,0.0,0.0,6.0
openstack/nova,nova/baserpc,3.0,3.0,0.0,0.0,3.0
openstack/nova,nova/block_device,23.0,6.0,0.0,0.0,6.0
openstack/nova,nova/cache_utils,5.0,5.0,0.0,0.0,5.0
openstack/nova,nova/cmd,11.0,1.0,200.0,52.0,53.0
openstack/nova,nova/compute,370.0,11.0,265.0,67.0,78.0
openstack/nova,nova/conductor,22.0,6.0,104.0,36.0,42.0
openstack/nova,nova/conf,267.0,20.0,75.0,14.0,34.0
openstack/nova,nova/config,20.0,3.0,0.0,0.0,3.0
openstack/nova,nova/console,28.0,3.0,38.0,21.0,24.0
openstack/nova,nova/context,262.0,14.0,0.0,0.0,14.0
openstack/nova,nova/crypto,4.0,3.0,0.0,0.0,3.0
openstack/nova,nova/db,171.0,6.0,110.0,25.0,31.0
openstack/nova,nova/debugger,2.0,1.0,0.0,0.0,1.0
openstack/nova,nova/exception,492.0,22.0,0.0,0.0,22.0
openstack/nova,nova/exception_wrapper,4.0,2.0,0.0,0.0,2.0
openstack/nova,nova/filters,2.0,2.0,0.0,0.0,2.0
openstack/nova,nova/hacking,1.0,1.0,4.0,4.0,5.0
openstack/nova,nova/i18n,147.0,18.0,0.0,0.0,18.0
openstack/nova,nova/image,28.0,6.0,31.0,24.0,30.0
openstack/nova,nova/keymgr,1.0,1.0,7.0,6.0,7.0
openstack/nova,nova/limit,25.0,5.0,20.0,10.0,15.0
openstack/nova,nova/loadables,4.0,2.0,0.0,0.0,2.0
openstack/nova,nova/manager,4.0,4.0,0.0,0.0,4.0
openstack/nova,nova/middleware,1.0,1.0,0.0,0.0,1.0
openstack/nova,nova/monkey_patch,4.0,4.0,0.0,0.0,4.0
openstack/nova,nova/network,99.0,9.0,54.0,28.0,37.0
openstack/nova,nova/notifications,32.0,6.0,52.0,15.0,21.0
openstack/nova,nova/objects,683.0,16.0,279.0,38.0,54.0
openstack/nova,nova/pci,43.0,5.0,51.0,19.0,24.0
openstack/nova,nova/policies,144.0,6.0,55.0,2.0,8.0
openstack/nova,nova/policy,10.0,3.0,0.0,0.0,3.0
openstack/nova,nova/privsep,37.0,2.0,37.0,15.0,17.0
openstack/nova,nova/profiler,10.0,7.0,0.0,0.0,7.0
openstack/nova,nova/quota,19.0,6.0,0.0,0.0,6.0
openstack/nova,nova/rpc,27.0,8.0,0.0,0.0,8.0
openstack/nova,nova/safe_utils,7.0,4.0,0.0,0.0,4.0
openstack/nova,nova/scheduler,112.0,10.0,139.0,42.0,52.0
openstack/nova,nova/service,9.0,3.0,0.0,0.0,3.0
openstack/nova,nova/service_auth,7.0,5.0,0.0,0.0,5.0
openstack/nova,nova/servicegroup,17.0,7.0,15.0,8.0,15.0
openstack/nova,nova/storage,7.0,3.0,15.0,12.0,15.0
openstack/nova,nova/test,415.0,1.0,0.0,0.0,1.0
openstack/nova,nova/tests,2.0,1.0,4912.0,157.0,158.0
openstack/nova,nova/utils,123.0,15.0,0.0,0.0,15.0
openstack/nova,nova/version,23.0,5.0,0.0,0.0,5.0
openstack/nova,nova/virt,292.0,8.0,822.0,85.0,93.0
openstack/nova,nova/volume,19.0,6.0,21.0,16.0,22.0
openstack/nova,nova/weights,2.0,2.0,0.0,0.0,2.0
openstack/nova,nova/wsgi,2.0,2.0,0.0,0.0,2.0
openstack/nova,openstack,6.0,3.0,0.0,0.0,3.0
openstack/nova,operator,7.0,3.0,0.0,0.0,3.0
openstack/nova,os,116.0,14.0,0.0,0.0,14.0
openstack/nova,os_brick,38.0,3.0,0.0,0.0,3.0
openstack/nova,os_resource_classes,32.0,9.0,0.0,0.0,9.0
openstack/nova,os_service_types,1.0,1.0,0.0,0.0,1.0
openstack/nova,os_traits,27.0,5.0,0.0,0.0,5.0
openstack/nova,os_vif,16.0,4.0,0.0,0.0,4.0
openstack/nova,os_win,35.0,2.0,0.0,0.0,2.0
openstack/nova,oslo_cache,3.0,2.0,0.0,0.0,2.0
openstack/nova,oslo_concurrency,56.0,8.0,0.0,0.0,8.0
openstack/nova,oslo_config,129.0,13.0,0.0,0.0,13.0
openstack/nova,oslo_context,8.0,2.0,0.0,0.0,2.0
openstack/nova,oslo_db,56.0,7.0,0.0,0.0,7.0
openstack/nova,oslo_i18n,1.0,1.0,0.0,0.0,1.0
openstack/nova,oslo_limit,19.0,3.0,0.0,0.0,3.0
openstack/nova,oslo_log,251.0,22.0,0.0,0.0,22.0
openstack/nova,oslo_messaging,36.0,9.0,0.0,0.0,9.0
openstack/nova,oslo_middleware,6.0,4.0,0.0,0.0,4.0
openstack/nova,oslo_policy,65.0,3.0,0.0,0.0,3.0
openstack/nova,oslo_privsep,4.0,3.0,0.0,0.0,3.0
openstack/nova,oslo_reports,18.0,3.0,0.0,0.0,3.0
openstack/nova,oslo_serialization,172.0,14.0,0.0,0.0,14.0
openstack/nova,oslo_service,24.0,7.0,0.0,0.0,7.0
openstack/nova,oslo_upgradecheck,3.0,2.0,0.0,0.0,2.0
openstack/nova,oslo_utils,670.0,20.0,0.0,0.0,20.0
openstack/nova,oslo_versionedobjects,30.0,5.0,0.0,0.0,5.0
openstack/nova,oslo_vmware,54.0,2.0,0.0,0.0,2.0
openstack/nova,oslotest,6.0,2.0,0.0,0.0,2.0
openstack/nova,osprofiler,1.0,1.0,0.0,0.0,1.0
openstack/nova,packaging,1.0,1.0,0.0,0.0,1.0
openstack/nova,paramiko,2.0,2.0,0.0,0.0,2.0
openstack/nova,paste,3.0,1.0,0.0,0.0,1.0
openstack/nova,pbr,1.0,1.0,0.0,0.0,1.0
openstack/nova,pdb,1.0,1.0,0.0,0.0,1.0
openstack/nova,pickle,1.0,1.0,0.0,0.0,1.0
openstack/nova,pkgutil,1.0,1.0,0.0,0.0,1.0
openstack/nova,placement,3.0,1.0,0.0,0.0,1.0
openstack/nova,platform,5.0,2.0,0.0,0.0,2.0
openstack/nova,posixpath,1.0,1.0,0.0,0.0,1.0
openstack/nova,pprint,6.0,2.0,0.0,0.0,2.0
openstack/nova,prettytable,1.0,1.0,0.0,0.0,1.0
openstack/nova,psutil,2.0,2.0,0.0,0.0,2.0
openstack/nova,pwd,4.0,2.0,0.0,0.0,2.0
openstack/nova,pycodestyle,1.0,1.0,0.0,0.0,1.0
openstack/nova,pydev,1.0,1.0,0.0,0.0,1.0
openstack/nova,pydevd,1.0,1.0,0.0,0.0,1.0
openstack/nova,queue,1.0,1.0,0.0,0.0,1.0
openstack/nova,rados,2.0,1.0,0.0,0.0,1.0
openstack/nova,random,12.0,6.0,0.0,0.0,6.0
openstack/nova,rbd,2.0,1.0,0.0,0.0,1.0
openstack/nova,re,45.0,11.0,0.0,0.0,11.0
openstack/nova,requests,9.0,1.0,0.0,0.0,1.0
openstack/nova,requests_mock,3.0,1.0,0.0,0.0,1.0
openstack/nova,retrying,3.0,3.0,0.0,0.0,3.0
openstack/nova,rfc3986,1.0,1.0,0.0,0.0,1.0
openstack/nova,routes,4.0,2.0,0.0,0.0,2.0
openstack/nova,shlex,1.0,1.0,0.0,0.0,1.0
openstack/nova,shutil,8.0,4.0,0.0,0.0,4.0
openstack/nova,signal,2.0,2.0,0.0,0.0,2.0
openstack/nova,socket,13.0,5.0,0.0,0.0,5.0
openstack/nova,sqlalchemy,77.0,5.0,0.0,0.0,5.0
openstack/nova,ssl,3.0,3.0,0.0,0.0,3.0
openstack/nova,stat,2.0,2.0,0.0,0.0,2.0
openstack/nova,stevedore,2.0,2.0,0.0,0.0,2.0
openstack/nova,string,5.0,3.0,0.0,0.0,3.0
openstack/nova,struct,3.0,2.0,0.0,0.0,2.0
openstack/nova,sys,43.0,11.0,0.0,0.0,11.0
openstack/nova,tarfile,2.0,2.0,0.0,0.0,2.0
openstack/nova,tempfile,16.0,3.0,0.0,0.0,3.0
openstack/nova,testscenarios,5.0,1.0,0.0,0.0,1.0
openstack/nova,testtools,29.0,2.0,0.0,0.0,2.0
openstack/nova,textwrap,4.0,1.0,0.0,0.0,1.0
openstack/nova,threading,8.0,3.0,0.0,0.0,3.0
openstack/nova,time,49.0,8.0,0.0,0.0,8.0
openstack/nova,tooz,2.0,2.0,0.0,0.0,2.0
openstack/nova,traceback,10.0,6.0,0.0,0.0,6.0
openstack/nova,typing,31.0,11.0,0.0,0.0,11.0
openstack/nova,unicodedata,1.0,1.0,0.0,0.0,1.0
openstack/nova,unittest,414.0,2.0,0.0,0.0,2.0
openstack/nova,urllib,29.0,11.0,0.0,0.0,11.0
openstack/nova,uuid,5.0,2.0,0.0,0.0,2.0
openstack/nova,warnings,2.0,1.0,0.0,0.0,1.0
openstack/nova,webob,164.0,4.0,0.0,0.0,4.0
openstack/nova,websockify,1.0,1.0,0.0,0.0,1.0
openstack/nova,wsgi_intercept,1.0,1.0,0.0,0.0,1.0
openstack/nova,yaml,2.0,2.0,0.0,0.0,2.0
openstack/nova,zlib,1.0,1.0,0.0,0.0,1.0
openstack/nova,zvmconnector,3.0,2.0,0.0,0.0,2.0
openstack/octavia,OpenSSL,4.0,2.0,0.0,0.0,2.0
openstack/octavia,abc,13.0,9.0,0.0,0.0,9.0
openstack/octavia,alembic,94.0,1.0,0.0,0.0,1.0
openstack/octavia,barbicanclient,8.0,2.0,0.0,0.0,2.0
openstack/octavia,base64,3.0,2.0,0.0,0.0,2.0
openstack/octavia,binascii,4.0,2.0,0.0,0.0,2.0
openstack/octavia,castellan,2.0,1.0,0.0,0.0,1.0
openstack/octavia,cinderclient,4.0,3.0,0.0,0.0,3.0
openstack/octavia,collections,3.0,1.0,0.0,0.0,1.0
openstack/octavia,concurrent,5.0,4.0,0.0,0.0,4.0
openstack/octavia,contextlib,2.0,2.0,0.0,0.0,2.0
openstack/octavia,copy,17.0,4.0,0.0,0.0,4.0
openstack/octavia,cotyledon,4.0,2.0,0.0,0.0,2.0
openstack/octavia,cryptography,40.0,5.0,0.0,0.0,5.0
openstack/octavia,csv,1.0,1.0,0.0,0.0,1.0
openstack/octavia,ctypes,1.0,1.0,0.0,0.0,1.0
openstack/octavia,datetime,17.0,8.0,0.0,0.0,8.0
openstack/octavia,dateutil,1.0,1.0,0.0,0.0,1.0
openstack/octavia,distro,1.0,1.0,0.0,0.0,1.0
openstack/octavia,docutils,4.0,1.0,0.0,0.0,1.0
openstack/octavia,errno,5.0,3.0,0.0,0.0,3.0
openstack/octavia,fcntl,1.0,1.0,0.0,0.0,1.0
openstack/octavia,fixtures,3.0,1.0,0.0,0.0,1.0
openstack/octavia,flask,7.0,2.0,0.0,0.0,2.0
openstack/octavia,functools,5.0,4.0,0.0,0.0,4.0
openstack/octavia,futurist,1.0,1.0,0.0,0.0,1.0
openstack/octavia,gettext,1.0,1.0,0.0,0.0,1.0
openstack/octavia,glanceclient,2.0,2.0,0.0,0.0,2.0
openstack/octavia,glob,1.0,1.0,0.0,0.0,1.0
openstack/octavia,gunicorn,1.0,1.0,0.0,0.0,1.0
openstack/octavia,hacking,1.0,1.0,0.0,0.0,1.0
openstack/octavia,hashlib,6.0,3.0,0.0,0.0,3.0
openstack/octavia,hmac,1.0,1.0,0.0,0.0,1.0
openstack/octavia,http,2.0,1.0,0.0,0.0,1.0
openstack/octavia,io,1.0,1.0,0.0,0.0,1.0
openstack/octavia,ipaddress,14.0,5.0,0.0,0.0,5.0
openstack/octavia,itertools,3.0,3.0,0.0,0.0,3.0
openstack/octavia,jinja2,11.0,2.0,0.0,0.0,2.0
openstack/octavia,json,1.0,1.0,0.0,0.0,1.0
openstack/octavia,jsonschema,4.0,1.0,0.0,0.0,1.0
openstack/octavia,keystoneauth1,5.0,3.0,0.0,0.0,3.0
openstack/octavia,keystonemiddleware,2.0,2.0,0.0,0.0,2.0
openstack/octavia,multiprocessing,4.0,2.0,0.0,0.0,2.0
openstack/octavia,neutronclient,6.0,3.0,0.0,0.0,3.0
openstack/octavia,novaclient,7.0,4.0,0.0,0.0,4.0
openstack/octavia,octavia,1.0,1.0,11.0,10.0,11.0
openstack/octavia,octavia/amphorae,62.0,4.0,208.0,47.0,51.0
openstack/octavia,octavia/api,54.0,4.0,364.0,33.0,37.0
openstack/octavia,octavia/certificates,18.0,3.0,57.0,16.0,19.0
openstack/octavia,octavia/cmd,9.0,1.0,99.0,32.0,33.0
openstack/octavia,octavia/common,521.0,13.0,109.0,44.0,57.0
openstack/octavia,octavia/compute,2.0,1.0,17.0,11.0,12.0
openstack/octavia,octavia/controller,55.0,3.0,281.0,24.0,27.0
openstack/octavia,octavia/db,93.0,6.0,280.0,18.0,24.0
openstack/octavia,octavia/distributor,0.0,0.0,5.0,4.0,4.0
openstack/octavia,octavia/hacking,1.0,1.0,2.0,2.0,3.0
openstack/octavia,octavia/i18n,18.0,7.0,0.0,0.0,7.0
openstack/octavia,octavia/image,2.0,1.0,7.0,4.0,5.0
openstack/octavia,octavia/network,38.0,5.0,26.0,12.0,17.0
openstack/octavia,octavia/opts,1.0,1.0,0.0,0.0,1.0
openstack/octavia,octavia/policies,1.0,1.0,36.0,4.0,5.0
openstack/octavia,octavia/statistics,5.0,3.0,9.0,5.0,8.0
openstack/octavia,octavia/tests,0.0,0.0,1103.0,73.0,73.0
openstack/octavia,octavia/version,8.0,3.0,0.0,0.0,3.0
openstack/octavia,octavia/volume,2.0,1.0,12.0,8.0,9.0
openstack/octavia,octavia_lib,65.0,6.0,0.0,0.0,6.0
openstack/octavia,operator,1.0,1.0,0.0,0.0,1.0
openstack/octavia,os,39.0,7.0,0.0,0.0,7.0
openstack/octavia,oslo_config,239.0,14.0,0.0,0.0,14.0
openstack/octavia,oslo_context,4.0,3.0,0.0,0.0,3.0
openstack/octavia,oslo_db,30.0,5.0,0.0,0.0,5.0
openstack/octavia,oslo_i18n,1.0,1.0,0.0,0.0,1.0
openstack/octavia,oslo_log,113.0,15.0,0.0,0.0,15.0
openstack/octavia,oslo_messaging,16.0,4.0,0.0,0.0,4.0
openstack/octavia,oslo_middleware,5.0,1.0,0.0,0.0,1.0
openstack/octavia,oslo_policy,21.0,3.0,0.0,0.0,3.0
openstack/octavia,oslo_reports,6.0,1.0,0.0,0.0,1.0
openstack/octavia,oslo_serialization,7.0,4.0,0.0,0.0,4.0
openstack/octavia,oslo_upgradecheck,3.0,2.0,0.0,0.0,2.0
openstack/octavia,oslo_utils,149.0,11.0,0.0,0.0,11.0
openstack/octavia,oslotest,2.0,1.0,0.0,0.0,1.0
openstack/octavia,pbr,1.0,1.0,0.0,0.0,1.0
openstack/octavia,pecan,34.0,2.0,0.0,0.0,2.0
openstack/octavia,pkg_resources,1.0,1.0,0.0,0.0,1.0
openstack/octavia,psutil,1.0,1.0,0.0,0.0,1.0
openstack/octavia,ptvsd,1.0,1.0,0.0,0.0,1.0
openstack/octavia,pyasn1,2.0,1.0,0.0,0.0,1.0
openstack/octavia,pyasn1_modules,1.0,1.0,0.0,0.0,1.0
openstack/octavia,pydev,1.0,1.0,0.0,0.0,1.0
openstack/octavia,pydevd,1.0,1.0,0.0,0.0,1.0
openstack/octavia,pyroute2,7.0,2.0,0.0,0.0,2.0
openstack/octavia,queue,2.0,2.0,0.0,0.0,2.0
openstack/octavia,random,17.0,3.0,0.0,0.0,3.0
openstack/octavia,re,12.0,3.0,0.0,0.0,3.0
openstack/octavia,requests,3.0,2.0,0.0,0.0,2.0
openstack/octavia,requests_mock,3.0,1.0,0.0,0.0,1.0
openstack/octavia,rfc3986,2.0,1.0,0.0,0.0,1.0
openstack/octavia,setproctitle,1.0,1.0,0.0,0.0,1.0
openstack/octavia,shutil,2.0,1.0,0.0,0.0,1.0
openstack/octavia,signal,7.0,2.0,0.0,0.0,2.0
openstack/octavia,simplejson,4.0,2.0,0.0,0.0,2.0
openstack/octavia,socket,18.0,4.0,0.0,0.0,4.0
openstack/octavia,socketserver,1.0,1.0,0.0,0.0,1.0
openstack/octavia,specs-tests,0.0,0.0,6.0,3.0,3.0
openstack/octavia,sqlalchemy,147.0,6.0,0.0,0.0,6.0
openstack/octavia,sqlalchemy_utils,1.0,1.0,0.0,0.0,1.0
openstack/octavia,ssl,3.0,3.0,0.0,0.0,3.0
openstack/octavia,stat,13.0,3.0,0.0,0.0,3.0
openstack/octavia,stevedore,24.0,10.0,0.0,0.0,10.0
openstack/octavia,string,1.0,1.0,0.0,0.0,1.0
openstack/octavia,struct,4.0,3.0,0.0,0.0,3.0
openstack/octavia,subprocess,14.0,2.0,0.0,0.0,2.0
openstack/octavia,sys,14.0,4.0,0.0,0.0,4.0
openstack/octavia,taskflow,88.0,4.0,0.0,0.0,4.0
openstack/octavia,tempfile,2.0,1.0,0.0,0.0,1.0
openstack/octavia,tenacity,14.0,4.0,0.0,0.0,4.0
openstack/octavia,testtools,3.0,2.0,0.0,0.0,2.0
openstack/octavia,threading,4.0,3.0,0.0,0.0,3.0
openstack/octavia,time,23.0,9.0,0.0,0.0,9.0
openstack/octavia,timeit,1.0,1.0,0.0,0.0,1.0
openstack/octavia,traceback,1.0,1.0,0.0,0.0,1.0
openstack/octavia,typing,1.0,1.0,0.0,0.0,1.0
openstack/octavia,unittest,126.0,1.0,0.0,0.0,1.0
openstack/octavia,urllib,1.0,1.0,0.0,0.0,1.0
openstack/octavia,uuid,4.0,2.0,0.0,0.0,2.0
openstack/octavia,warnings,1.0,1.0,0.0,0.0,1.0
openstack/octavia,webob,10.0,2.0,0.0,0.0,2.0
openstack/octavia,werkzeug,6.0,2.0,0.0,0.0,2.0
openstack/octavia,wsgiref,1.0,1.0,0.0,0.0,1.0
openstack/octavia,wsme,71.0,3.0,0.0,0.0,3.0
openstack/octavia,wsmeext,16.0,1.0,0.0,0.0,1.0
openstack/octavia,zlib,1.0,1.0,0.0,0.0,1.0
openstack/swift,__future__,23.0,4.0,0.0,0.0,4.0
openstack/swift,argparse,11.0,2.0,0.0,0.0,2.0
openstack/swift,array,6.0,2.0,0.0,0.0,2.0
openstack/swift,base64,35.0,2.0,0.0,0.0,2.0
openstack/swift,binascii,9.0,3.0,0.0,0.0,3.0
openstack/swift,bisect,2.0,1.0,0.0,0.0,1.0
openstack/swift,boto,5.0,1.0,0.0,0.0,1.0
openstack/swift,boto3,2.0,1.0,0.0,0.0,1.0
openstack/swift,botocore,5.0,1.0,0.0,0.0,1.0
openstack/swift,calendar,6.0,2.0,0.0,0.0,2.0
openstack/swift,castellan,4.0,2.0,0.0,0.0,2.0
openstack/swift,cgi,6.0,1.0,0.0,0.0,1.0
openstack/swift,codecs,1.0,1.0,0.0,0.0,1.0
openstack/swift,collections,75.0,6.0,0.0,0.0,6.0
openstack/swift,contextlib,50.0,5.0,0.0,0.0,5.0
openstack/swift,copy,22.0,4.0,0.0,0.0,4.0
openstack/swift,cryptography,8.0,2.0,0.0,0.0,2.0
openstack/swift,ctypes,9.0,2.0,0.0,0.0,2.0
openstack/swift,datetime,20.0,4.0,0.0,0.0,4.0
openstack/swift,distutils,5.0,2.0,0.0,0.0,2.0
openstack/swift,dns,4.0,2.0,0.0,0.0,2.0
openstack/swift,email,16.0,2.0,0.0,0.0,2.0
openstack/swift,errno,46.0,5.0,0.0,0.0,5.0
openstack/swift,eventlet,219.0,7.0,0.0,0.0,7.0
openstack/swift,fcntl,6.0,4.0,0.0,0.0,4.0
openstack/swift,functools,26.0,4.0,0.0,0.0,4.0
openstack/swift,gc,2.0,1.0,0.0,0.0,1.0
openstack/swift,getpass,3.0,1.0,0.0,0.0,1.0
openstack/swift,gettext,1.0,1.0,0.0,0.0,1.0
openstack/swift,glob,2.0,1.0,0.0,0.0,1.0
openstack/swift,greenlet,1.0,1.0,0.0,0.0,1.0
openstack/swift,grp,2.0,2.0,0.0,0.0,2.0
openstack/swift,gzip,10.0,2.0,0.0,0.0,2.0
openstack/swift,hashlib,23.0,3.0,0.0,0.0,3.0
openstack/swift,hmac,16.0,3.0,0.0,0.0,3.0
openstack/swift,html,1.0,1.0,0.0,0.0,1.0
openstack/swift,inspect,5.0,3.0,0.0,0.0,3.0
openstack/swift,io,34.0,4.0,0.0,0.0,4.0
openstack/swift,ipaddress,2.0,1.0,0.0,0.0,1.0
openstack/swift,itertools,43.0,7.0,0.0,0.0,7.0
openstack/swift,json,113.0,8.0,0.0,0.0,8.0
openstack/swift,keystoneauth1,5.0,2.0,0.0,0.0,2.0
openstack/swift,keystoneclient,3.0,2.0,0.0,0.0,2.0
openstack/swift,keystonemiddleware,1.0,1.0,0.0,0.0,1.0
openstack/swift,kmip,1.0,1.0,0.0,0.0,1.0
openstack/swift,locale,2.0,1.0,0.0,0.0,1.0
openstack/swift,logging,34.0,6.0,0.0,0.0,6.0
openstack/swift,lxml,1.0,1.0,0.0,0.0,1.0
openstack/swift,math,12.0,5.0,0.0,0.0,5.0
openstack/swift,matplotlib,2.0,1.0,0.0,0.0,1.0
openstack/swift,mimetypes,3.0,2.0,0.0,0.0,2.0
openstack/swift,mock,122.0,1.0,0.0,0.0,1.0
openstack/swift,multiprocessing,2.0,2.0,0.0,0.0,2.0
openstack/swift,netifaces,2.0,2.0,0.0,0.0,2.0
openstack/swift,numbers,4.0,1.0,0.0,0.0,1.0
openstack/swift,odf,5.0,1.0,0.0,0.0,1.0
openstack/swift,operator,11.0,5.0,0.0,0.0,5.0
openstack/swift,optparse,6.0,3.0,0.0,0.0,3.0
openstack/swift,os,178.0,8.0,0.0,0.0,8.0
openstack/swift,oslo_config,1.0,1.0,0.0,0.0,1.0
openstack/swift,paste,4.0,2.0,0.0,0.0,2.0
openstack/swift,pbr,1.0,1.0,0.0,0.0,1.0
openstack/swift,pickle,5.0,1.0,0.0,0.0,1.0
openstack/swift,pkg_resources,4.0,3.0,0.0,0.0,3.0
openstack/swift,platform,2.0,2.0,0.0,0.0,2.0
openstack/swift,posix,6.0,1.0,0.0,0.0,1.0
openstack/swift,pstats,1.0,1.0,0.0,0.0,1.0
openstack/swift,pwd,2.0,2.0,0.0,0.0,2.0
openstack/swift,pyeclib,10.0,3.0,0.0,0.0,3.0
openstack/swift,queue,1.0,1.0,0.0,0.0,1.0
openstack/swift,random,63.0,6.0,0.0,0.0,6.0
openstack/swift,re,26.0,3.0,0.0,0.0,3.0
openstack/swift,requests,6.0,2.0,0.0,0.0,2.0
openstack/swift,requests_mock,1.0,1.0,0.0,0.0,1.0
openstack/swift,resource,3.0,2.0,0.0,0.0,2.0
openstack/swift,selenium,1.0,1.0,0.0,0.0,1.0
openstack/swift,shlex,1.0,1.0,0.0,0.0,1.0
openstack/swift,shutil,67.0,3.0,0.0,0.0,3.0
openstack/swift,signal,10.0,4.0,0.0,0.0,4.0
openstack/swift,six,339.0,7.0,0.0,0.0,7.0
openstack/swift,socket,17.0,6.0,0.0,0.0,6.0
openstack/swift,sqlite3,9.0,5.0,0.0,0.0,5.0
openstack/swift,ssl,1.0,1.0,0.0,0.0,1.0
openstack/swift,stat,2.0,2.0,0.0,0.0,2.0
openstack/swift,string,9.0,2.0,0.0,0.0,2.0
openstack/swift,struct,5.0,3.0,0.0,0.0,3.0
openstack/swift,subprocess,5.0,2.0,0.0,0.0,2.0
openstack/swift,swift,3.0,1.0,7.0,7.0,8.0
openstack/swift,swift/__canonical_version__,1.0,1.0,0.0,0.0,1.0
openstack/swift,swift/__version__,7.0,2.0,0.0,0.0,2.0
openstack/swift,swift/account,20.0,3.0,95.0,13.0,16.0
openstack/swift,swift/cli,23.0,2.0,210.0,28.0,30.0
openstack/swift,swift/common,2023.0,6.0,570.0,81.0,87.0
openstack/swift,swift/container,91.0,3.0,246.0,23.0,26.0
openstack/swift,swift/gettext_,19.0,2.0,0.0,0.0,2.0
openstack/swift,swift/obj,81.0,2.0,407.0,29.0,31.0
openstack/swift,swift/proxy,80.0,2.0,263.0,20.0,22.0
openstack/swift,swiftclient,45.0,2.0,0.0,0.0,2.0
openstack/swift,sys,51.0,7.0,0.0,0.0,7.0
openstack/swift,tarfile,2.0,2.0,0.0,0.0,2.0
openstack/swift,tempfile,70.0,4.0,0.0,0.0,4.0
openstack/swift,test,0.0,0.0,3051.0,95.0,95.0
openstack/swift,textwrap,16.0,3.0,0.0,0.0,3.0
openstack/swift,threading,2.0,1.0,0.0,0.0,1.0
openstack/swift,time,154.0,7.0,0.0,0.0,7.0
openstack/swift,traceback,17.0,5.0,0.0,0.0,5.0
openstack/swift,types,1.0,1.0,0.0,0.0,1.0
openstack/swift,unittest,191.0,1.0,0.0,0.0,1.0
openstack/swift,uuid,54.0,4.0,0.0,0.0,4.0
openstack/swift,warnings,4.0,3.0,0.0,0.0,3.0
openstack/swift,weakref,1.0,1.0,0.0,0.0,1.0
openstack/swift,xattr,4.0,2.0,0.0,0.0,2.0
openstack/swift,xml,8.0,2.0,0.0,0.0,2.0
openstack/swift,zlib,6.0,2.0,0.0,0.0,2.0
